Workbook
Name ___mds_first_cell___: [1]EB!#REF!
Name ___mds_view_data___: #REF!
Name _Mon2: #REF!
Name _Mon3: #REF!
Name _Mon4: #REF!
Name A: #REF!
Name Abteilung: #REF!
Name BEST_2003_NN: '[2]2003_IST'!$F$2:$F$4064
Name BEST_2004_NNN: '[2]2004_IST'!$E$2:$E$10116
Name BLATTA: #REF!
Name Bosch_Material: '[3]8D Form'!$R$17
Name Bosch_product: '[3]8D Form'!$R$16
Name complaint_name: '[3]8D Form'!$F$17
Name Entity: #REF!
Name Feb04_TTNR: [4]TTNR_Checks!$C$2:$C$2454
Name Ges_2003_TTNR: [4]TTNR_Checks!$A$2:$A$4058
Name Gesamtprojekt_Status: #REF!
Name KZ_AUB: [4]TTNR_Checks!$E$2:$E$3002
Name KZ_TTNR_2003: #REF!
Name KZ_TTNR_2004: #REF!
Name laufendes_jahr: #REF!
Name less: [5]Master!$V$36
Name M_1: #REF!
Name M_2: #REF!
Name M_2a: #REF!
Name M_2b: #REF!
Name M_2c: #REF!
Name M_2d: #REF!
Name M_3: #REF!
Name Mon: #REF!
Name more: [5]Master!$V$34
Name partial: [5]Master!$V$35
Name PB: #REF!
Name Period: #REF!
Name Pfad: #REF!
Name PIVOT: #REF!
Name Produktbereich: #REF!
Name Projekt: #REF!
Name qq: #REF!
Name Rechtseinheit: #REF!
Name Reference_No.: '[3]8D Form'!$K$12
Name www: [1]EB!#REF!
Name x_x__MailAutoSig: 'Regional actions'!$F$4

Sheet PDCA Main Page
A1: PDCA Chart 05.02.2026
A2: Problem
B3: Missing milestones & timeliness
A4: Scope
A5: SF
A6: Lane
B7: EUAP | G7: Nov '25 | H7: Dec '25 | I7: Jan '26 | J7: W5 | K7: W6 | L7: W7 | M7: W8 F | N7: W10 F | O7: W12 F | P7: W14 F | Q7: W16 F | R7: W18 F | S7: YTD | T7: W08
A8: Responsible | D8: Completeness (Critical) | G8: 0.82 | H8: 0.84 | I8: 0.84 | J8: ='SC4 Data'!Z27 | K8: ='SC4 Data'!AE27 | L8: ='SC4 Data'!AJ27 | M8: 0.85 | N8: 0.87 | O8: 0.89 | P8: 0.91 | Q8: 0.93 | R8: 0.95 | T8: 0.8527
D9: Timeliness (Critical) | G9: 0.1 | H9: 0.22 | I9: 0.48 | J9: ='SC4 Data'!AA27 | K9: ='SC4 Data'!AF27 | L9: ='SC4 Data'!AK27 | M9: 0.66 | N9: 0.69 | O9: 0.73 | P9: 0.78 | Q9: 0.79 | R9: 0.8 | T9: 0.5402
B10: Maersk MOF execution | D10: Completeness (All) | G10: N/A | H10: N/A | I10: 0.71 | J10: ='SC4 Data'!Z28 | K10: ='SC4 Data'!AE28 | L10: ='SC4 Data'!AJ28 | M10: 0.79 | N10: 0.81 | O10: 0.84 | P10: 0.88 | Q10: 0.91 | R10: 0.95 | T10: 0.7849
D11: Timeliness (All) | G11: N/A | H11: N/A | I11: 0.43 | J11: ='SC4 Data'!AA28 | K11: ='SC4 Data'!AF28 | L11: ='SC4 Data'!AK28 | M11: 0.64 | N11: 0.65 | O11: 0.66 | P11: 0.67 | Q11: 0.68 | R11: 0.7 | T11: 0.4933
D12: ETA accuracy 2P (SC4) | I12: 0.38 | J12: 0.44 | K12: 0.62 | L12: 0.39 | M12: 0.65 | N12: 0.68 | O12: 0.7 | P12: 0.72 | Q12: 0.74 | R12: 0.76 | T12: 0.6667
D13: ETA Accuracy 2D (SC4) | I13: 0.11 | J13: 0.13 | K13: 0.17 | L13: 0.17 | M13: 0.2 | N13: 0.25 | O13: 0.4 | P13: 0.5 | Q13: 0.6 | R13: 0.72 | T13: 0.2876
D14: SC4 Reference Completeness (CIV or DN) | G14: N/A | H14: N/A | I14: 0.69 | J14: 0.71 | K14: 0.74 | L14: 0.76 | M14: 0.78 | N14: 0.82 | O14: 0.84 | P14: 0.86 | Q14: 0.9 | R14: 0.95 | T14: 0.7909
A17: Nr | B17: Main Problems | C17: Product Impact | D17: Category | G17: W01 | H17: W02 | I17: W03 | J17: W04 | K17: W05 | L17: W06 | M17: W07 | N17: W10 | O17: W12 | P17: W14 | Q17: W16 | R17: W18 | S17: YTD
A18: ='Mapping Prob-Root'!A2 | B18: ='Mapping Prob-Root'!O2 | C18: high | D18: Completeness (Critical) | G18: ='SC4 Data'!F5 | H18: ='SC4 Data'!K5 | I18: ='SC4 Data'!P5 | J18: ='SC4 Data'!U5 | K18: ='SC4 Data'!Z5 | L18: ='SC4 Data'!AE5 | M18: ='SC4 Data'!AJ5 | N18: =(AVERAGE(IF((M18-L18)<0,-(M18-L18),(M18-L18)),IF((L18-K18)<0,-(L18-K18),(L18-K18)),IF((K18-J18)<0,-(K18-J18),(K18-J18)))*$T18)+M18 | O18: =(AVERAGE(IF((N18-M18)<0,-(N18-M18),(N18-M18)),IF((M18-L18)<0,-(M18-L18),(M18-L18)),IF((L18-K18)<0,-(L18-K18),(L18-K18)))*$T18)+N18 | P18: =(AVERAGE(IF((O18-N18)<0,-(O18-N18),(O18-N18)),IF((N18-M18)<0,-(N18-M18),(N18-M18)),IF((M18-L18)<0,-(M18-L18),(M18-L18)))*$T18)+O18 | Q18: =(AVERAGE(IF((P18-O18)<0,-(P18-O18),(P18-O18)),IF((O18-N18)<0,-(O18-N18),(O18-N18)),IF((N18-M18)<0,-(N18-M18),(N18-M18)))*$T18)+P18 | R18: =(AVERAGE(IF((Q18-P18)<0,-(Q18-P18),(Q18-P18)),IF((P18-O18)<0,-(P18-O18),(P18-O18)),IF((O18-N18)<0,-(O18-N18),(O18-N18)))*$T18)+Q18 | S18: =AVERAGE(G18:R18) | T18: 0.4
A19: ='Mapping Prob-Root'!A3 | B19: ='Mapping Prob-Root'!O3 | C19: high | D19: Timeliness (Critical) | G19: ='SC4 Data'!G5 | H19: ='SC4 Data'!L5 | I19: ='SC4 Data'!Q5 | J19: ='SC4 Data'!V5 | K19: ='SC4 Data'!AA5 | L19: ='SC4 Data'!AF5 | M19: ='SC4 Data'!AK5 | N19: =(AVERAGE(IF((M19-L19)<0,-(M19-L19),(M19-L19)),IF((L19-K19)<0,-(L19-K19),(L19-K19)),IF((K19-J19)<0,-(K19-J19),(K19-J19)))*$T19)+M19 | O19: =(AVERAGE(IF((N19-M19)<0,-(N19-M19),(N19-M19)),IF((M19-L19)<0,-(M19-L19),(M19-L19)),IF((L19-K19)<0,-(L19-K19),(L19-K19)))*$T19)+N19 | P19: =(AVERAGE(IF((O19-N19)<0,-(O19-N19),(O19-N19)),IF((N19-M19)<0,-(N19-M19),(N19-M19)),IF((M19-L19)<0,-(M19-L19),(M19-L19)))*$T19)+O19 | Q19: =(AVERAGE(IF((P19-O19)<0,-(P19-O19),(P19-O19)),IF((O19-N19)<0,-(O19-N19),(O19-N19)),IF((N19-M19)<0,-(N19-M19),(N19-M19)))*$T19)+P19 | R19: =(AVERAGE(IF((Q19-P19)<0,-(Q19-P19),(Q19-P19)),IF((P19-O19)<0,-(P19-O19),(P19-O19)),IF((O19-N19)<0,-(O19-N19),(O19-N19)))*$T19)+Q19 | S19: =AVERAGE(G19:R19) | T19: 0.2
A20: ='Mapping Prob-Root'!A4 | B20: ='Mapping Prob-Root'!O4 | C20: high | D20: Completeness (Critical) | G20: ='SC4 Data'!F6 | H20: ='SC4 Data'!K6 | I20: ='SC4 Data'!P6 | J20: ='SC4 Data'!U6 | K20: ='SC4 Data'!Z6 | L20: ='SC4 Data'!AE6 | M20: ='SC4 Data'!AJ6 | N20: =(AVERAGE(IF((M20-L20)<0,-(M20-L20),(M20-L20)),IF((L20-K20)<0,-(L20-K20),(L20-K20)),IF((K20-J20)<0,-(K20-J20),(K20-J20)))*$T20)+M20 | O20: =(AVERAGE(IF((N20-M20)<0,-(N20-M20),(N20-M20)),IF((M20-L20)<0,-(M20-L20),(M20-L20)),IF((L20-K20)<0,-(L20-K20),(L20-K20)))*$T20)+N20 | P20: =(AVERAGE(IF((O20-N20)<0,-(O20-N20),(O20-N20)),IF((N20-M20)<0,-(N20-M20),(N20-M20)),IF((M20-L20)<0,-(M20-L20),(M20-L20)))*$T20)+O20 | Q20: =(AVERAGE(IF((P20-O20)<0,-(P20-O20),(P20-O20)),IF((O20-N20)<0,-(O20-N20),(O20-N20)),IF((N20-M20)<0,-(N20-M20),(N20-M20)))*$T20)+P20 | R20: =(AVERAGE(IF((Q20-P20)<0,-(Q20-P20),(Q20-P20)),IF((P20-O20)<0,-(P20-O20),(P20-O20)),IF((O20-N20)<0,-(O20-N20),(O20-N20)))*$T20)+Q20 | S20: =AVERAGE(G20:R20) | T20: 0.8
A21: ='Mapping Prob-Root'!A5 | B21: ='Mapping Prob-Root'!O5 | C21: high | D21: Timeliness (Critical) | G21: ='SC4 Data'!G6 | H21: ='SC4 Data'!L6 | I21: ='SC4 Data'!Q6 | J21: ='SC4 Data'!V6 | K21: ='SC4 Data'!AA6 | L21: ='SC4 Data'!AF6 | M21: ='SC4 Data'!AK6 | N21: =(AVERAGE(IF((M21-L21)<0,-(M21-L21),(M21-L21)),IF((L21-K21)<0,-(L21-K21),(L21-K21)),IF((K21-J21)<0,-(K21-J21),(K21-J21)))*$T21)+M21 | O21: =(AVERAGE(IF((N21-M21)<0,-(N21-M21),(N21-M21)),IF((M21-L21)<0,-(M21-L21),(M21-L21)),IF((L21-K21)<0,-(L21-K21),(L21-K21)))*$T21)+N21 | P21: =(AVERAGE(IF((O21-N21)<0,-(O21-N21),(O21-N21)),IF((N21-M21)<0,-(N21-M21),(N21-M21)),IF((M21-L21)<0,-(M21-L21),(M21-L21)))*$T21)+O21 | Q21: =(AVERAGE(IF((P21-O21)<0,-(P21-O21),(P21-O21)),IF((O21-N21)<0,-(O21-N21),(O21-N21)),IF((N21-M21)<0,-(N21-M21),(N21-M21)))*$T21)+P21 | R21: =(AVERAGE(IF((Q21-P21)<0,-(Q21-P21),(Q21-P21)),IF((P21-O21)<0,-(P21-O21),(P21-O21)),IF((O21-N21)<0,-(O21-N21),(O21-N21)))*$T21)+Q21 | S21: =AVERAGE(G21:R21) | T21: 0.4
A22: ='Mapping Prob-Root'!A6 | B22: ='Mapping Prob-Root'!O6 | C22: high | D22: Completeness (Critical) | G22: ='SC4 Data'!F7 | H22: ='SC4 Data'!K7 | I22: ='SC4 Data'!P7 | J22: ='SC4 Data'!U7 | K22: ='SC4 Data'!Z7 | L22: ='SC4 Data'!AE7 | M22: ='SC4 Data'!AJ7 | N22: =(AVERAGE(IF((M22-L22)<0,-(M22-L22),(M22-L22)),IF((L22-K22)<0,-(L22-K22),(L22-K22)),IF((K22-J22)<0,-(K22-J22),(K22-J22)))*$T22)+M22 | O22: =(AVERAGE(IF((N22-M22)<0,-(N22-M22),(N22-M22)),IF((M22-L22)<0,-(M22-L22),(M22-L22)),IF((L22-K22)<0,-(L22-K22),(L22-K22)))*$T22)+N22 | P22: =(AVERAGE(IF((O22-N22)<0,-(O22-N22),(O22-N22)),IF((N22-M22)<0,-(N22-M22),(N22-M22)),IF((M22-L22)<0,-(M22-L22),(M22-L22)))*$T22)+O22 | Q22: =(AVERAGE(IF((P22-O22)<0,-(P22-O22),(P22-O22)),IF((O22-N22)<0,-(O22-N22),(O22-N22)),IF((N22-M22)<0,-(N22-M22),(N22-M22)))*$T22)+P22 | R22: =(AVERAGE(IF((Q22-P22)<0,-(Q22-P22),(Q22-P22)),IF((P22-O22)<0,-(P22-O22),(P22-O22)),IF((O22-N22)<0,-(O22-N22),(O22-N22)))*$T22)+Q22 | S22: =AVERAGE(G22:R22) | T22: 1.2
A23: ='Mapping Prob-Root'!A7 | B23: ='Mapping Prob-Root'!O7 | C23: high | D23: Timeliness (Critical) | G23: ='SC4 Data'!G7 | H23: ='SC4 Data'!L7 | I23: ='SC4 Data'!Q7 | J23: ='SC4 Data'!V7 | K23: ='SC4 Data'!AA7 | L23: ='SC4 Data'!AF7 | M23: ='SC4 Data'!AK7 | N23: =(AVERAGE(IF((M23-L23)<0,-(M23-L23),(M23-L23)),IF((L23-K23)<0,-(L23-K23),(L23-K23)),IF((K23-J23)<0,-(K23-J23),(K23-J23)))*$T23)+M23 | O23: =(AVERAGE(IF((N23-M23)<0,-(N23-M23),(N23-M23)),IF((M23-L23)<0,-(M23-L23),(M23-L23)),IF((L23-K23)<0,-(L23-K23),(L23-K23)))*$T23)+N23 | P23: =(AVERAGE(IF((O23-N23)<0,-(O23-N23),(O23-N23)),IF((N23-M23)<0,-(N23-M23),(N23-M23)),IF((M23-L23)<0,-(M23-L23),(M23-L23)))*$T23)+O23 | Q23: =(AVERAGE(IF((P23-O23)<0,-(P23-O23),(P23-O23)),IF((O23-N23)<0,-(O23-N23),(O23-N23)),IF((N23-M23)<0,-(N23-M23),(N23-M23)))*$T23)+P23 | R23: =(AVERAGE(IF((Q23-P23)<0,-(Q23-P23),(Q23-P23)),IF((P23-O23)<0,-(P23-O23),(P23-O23)),IF((O23-N23)<0,-(O23-N23),(O23-N23)))*$T23)+Q23 | S23: =AVERAGE(G23:R23) | T23: 1.4
A24: ='Mapping Prob-Root'!A8 | B24: ='Mapping Prob-Root'!O8 | C24: medium | D24: Completeness (All) | G24: ='SC4 Data'!F8 | H24: ='SC4 Data'!K8 | I24: ='SC4 Data'!P8 | J24: ='SC4 Data'!U8 | K24: ='SC4 Data'!Z8 | L24: ='SC4 Data'!AE8 | M24: ='SC4 Data'!AJ8 | N24: =(AVERAGE(IF((M24-L24)<0,-(M24-L24),(M24-L24)),IF((L24-K24)<0,-(L24-K24),(L24-K24)),IF((K24-J24)<0,-(K24-J24),(K24-J24)))*$T24)+M24 | O24: =(AVERAGE(IF((N24-M24)<0,-(N24-M24),(N24-M24)),IF((M24-L24)<0,-(M24-L24),(M24-L24)),IF((L24-K24)<0,-(L24-K24),(L24-K24)))*$T24)+N24 | P24: =(AVERAGE(IF((O24-N24)<0,-(O24-N24),(O24-N24)),IF((N24-M24)<0,-(N24-M24),(N24-M24)),IF((M24-L24)<0,-(M24-L24),(M24-L24)))*$T24)+O24 | Q24: =(AVERAGE(IF((P24-O24)<0,-(P24-O24),(P24-O24)),IF((O24-N24)<0,-(O24-N24),(O24-N24)),IF((N24-M24)<0,-(N24-M24),(N24-M24)))*$T24)+P24 | R24: =(AVERAGE(IF((Q24-P24)<0,-(Q24-P24),(Q24-P24)),IF((P24-O24)<0,-(P24-O24),(P24-O24)),IF((O24-N24)<0,-(O24-N24),(O24-N24)))*$T24)+Q24 | S24: =AVERAGE(G24:R24) | T24: 0.6
A25: ='Mapping Prob-Root'!A9 | B25: ='Mapping Prob-Root'!O9 | C25: medium | D25: Timeliness (All) | G25: ='SC4 Data'!G8 | H25: ='SC4 Data'!L8 | I25: ='SC4 Data'!Q8 | J25: ='SC4 Data'!V8 | K25: ='SC4 Data'!AA8 | L25: ='SC4 Data'!AF8 | M25: ='SC4 Data'!AK8 | N25: =(AVERAGE(IF((M25-L25)<0,-(M25-L25),(M25-L25)),IF((L25-K25)<0,-(L25-K25),(L25-K25)),IF((K25-J25)<0,-(K25-J25),(K25-J25)))*$T25)+M25 | O25: =(AVERAGE(IF((N25-M25)<0,-(N25-M25),(N25-M25)),IF((M25-L25)<0,-(M25-L25),(M25-L25)),IF((L25-K25)<0,-(L25-K25),(L25-K25)))*$T25)+N25 | P25: =(AVERAGE(IF((O25-N25)<0,-(O25-N25),(O25-N25)),IF((N25-M25)<0,-(N25-M25),(N25-M25)),IF((M25-L25)<0,-(M25-L25),(M25-L25)))*$T25)+O25 | Q25: =(AVERAGE(IF((P25-O25)<0,-(P25-O25),(P25-O25)),IF((O25-N25)<0,-(O25-N25),(O25-N25)),IF((N25-M25)<0,-(N25-M25),(N25-M25)))*$T25)+P25 | R25: =(AVERAGE(IF((Q25-P25)<0,-(Q25-P25),(Q25-P25)),IF((P25-O25)<0,-(P25-O25),(P25-O25)),IF((O25-N25)<0,-(O25-N25),(O25-N25)))*$T25)+Q25 | S25: =AVERAGE(G25:R25) | T25: 0.7
A26: ='Mapping Prob-Root'!A10 | B26: ='Mapping Prob-Root'!O10 | C26: medium | D26: Completeness (All) | G26: ='SC4 Data'!F9 | H26: ='SC4 Data'!K9 | I26: ='SC4 Data'!P9 | J26: ='SC4 Data'!U9 | K26: ='SC4 Data'!Z9 | L26: ='SC4 Data'!AE9 | M26: ='SC4 Data'!AJ9 | N26: =(AVERAGE(IF((M26-L26)<0,-(M26-L26),(M26-L26)),IF((L26-K26)<0,-(L26-K26),(L26-K26)),IF((K26-J26)<0,-(K26-J26),(K26-J26)))*$T26)+M26 | O26: =(AVERAGE(IF((N26-M26)<0,-(N26-M26),(N26-M26)),IF((M26-L26)<0,-(M26-L26),(M26-L26)),IF((L26-K26)<0,-(L26-K26),(L26-K26)))*$T26)+N26 | P26: =(AVERAGE(IF((O26-N26)<0,-(O26-N26),(O26-N26)),IF((N26-M26)<0,-(N26-M26),(N26-M26)),IF((M26-L26)<0,-(M26-L26),(M26-L26)))*$T26)+O26 | Q26: =(AVERAGE(IF((P26-O26)<0,-(P26-O26),(P26-O26)),IF((O26-N26)<0,-(O26-N26),(O26-N26)),IF((N26-M26)<0,-(N26-M26),(N26-M26)))*$T26)+P26 | R26: =(AVERAGE(IF((Q26-P26)<0,-(Q26-P26),(Q26-P26)),IF((P26-O26)<0,-(P26-O26),(P26-O26)),IF((O26-N26)<0,-(O26-N26),(O26-N26)))*$T26)+Q26 | S26: =AVERAGE(G26:R26) | T26: 0.5
A27: ='Mapping Prob-Root'!A11 | B27: ='Mapping Prob-Root'!O11 | C27: medium | D27: Timeliness (All) | G27: ='SC4 Data'!G9 | H27: ='SC4 Data'!L9 | I27: ='SC4 Data'!Q9 | J27: ='SC4 Data'!V9 | K27: ='SC4 Data'!AA9 | L27: ='SC4 Data'!AF9 | M27: ='SC4 Data'!AK9 | N27: =(AVERAGE(IF((M27-L27)<0,-(M27-L27),(M27-L27)),IF((L27-K27)<0,-(L27-K27),(L27-K27)),IF((K27-J27)<0,-(K27-J27),(K27-J27)))*$T27)+M27 | O27: =(AVERAGE(IF((N27-M27)<0,-(N27-M27),(N27-M27)),IF((M27-L27)<0,-(M27-L27),(M27-L27)),IF((L27-K27)<0,-(L27-K27),(L27-K27)))*$T27)+N27 | P27: =(AVERAGE(IF((O27-N27)<0,-(O27-N27),(O27-N27)),IF((N27-M27)<0,-(N27-M27),(N27-M27)),IF((M27-L27)<0,-(M27-L27),(M27-L27)))*$T27)+O27 | Q27: =(AVERAGE(IF((P27-O27)<0,-(P27-O27),(P27-O27)),IF((O27-N27)<0,-(O27-N27),(O27-N27)),IF((N27-M27)<0,-(N27-M27),(N27-M27)))*$T27)+P27 | R27: =(AVERAGE(IF((Q27-P27)<0,-(Q27-P27),(Q27-P27)),IF((P27-O27)<0,-(P27-O27),(P27-O27)),IF((O27-N27)<0,-(O27-N27),(O27-N27)))*$T27)+Q27 | S27: =AVERAGE(G27:R27) | T27: 1
A28: ='Mapping Prob-Root'!A12 | B28: ='Mapping Prob-Root'!O12 | C28: medium | D28: Completeness (All) | G28: ='SC4 Data'!F10 | H28: ='SC4 Data'!K10 | I28: ='SC4 Data'!P10 | J28: ='SC4 Data'!U10 | K28: ='SC4 Data'!Z10 | L28: ='SC4 Data'!AE10 | M28: ='SC4 Data'!AJ10 | N28: =(AVERAGE(IF((M28-L28)<0,-(M28-L28),(M28-L28)),IF((L28-K28)<0,-(L28-K28),(L28-K28)),IF((K28-J28)<0,-(K28-J28),(K28-J28)))*$T28)+M28 | O28: =(AVERAGE(IF((N28-M28)<0,-(N28-M28),(N28-M28)),IF((M28-L28)<0,-(M28-L28),(M28-L28)),IF((L28-K28)<0,-(L28-K28),(L28-K28)))*$T28)+N28 | P28: =(AVERAGE(IF((O28-N28)<0,-(O28-N28),(O28-N28)),IF((N28-M28)<0,-(N28-M28),(N28-M28)),IF((M28-L28)<0,-(M28-L28),(M28-L28)))*$T28)+O28 | Q28: =(AVERAGE(IF((P28-O28)<0,-(P28-O28),(P28-O28)),IF((O28-N28)<0,-(O28-N28),(O28-N28)),IF((N28-M28)<0,-(N28-M28),(N28-M28)))*$T28)+P28 | R28: =(AVERAGE(IF((Q28-P28)<0,-(Q28-P28),(Q28-P28)),IF((P28-O28)<0,-(P28-O28),(P28-O28)),IF((O28-N28)<0,-(O28-N28),(O28-N28)))*$T28)+Q28 | S28: =AVERAGE(G28:R28) | T28: 0.4
A29: ='Mapping Prob-Root'!A13 | B29: ='Mapping Prob-Root'!O13 | C29: medium | D29: Timeliness (All) | G29: ='SC4 Data'!G10 | H29: ='SC4 Data'!L10 | I29: ='SC4 Data'!Q10 | J29: ='SC4 Data'!V10 | K29: ='SC4 Data'!AA10 | L29: ='SC4 Data'!AF10 | M29: ='SC4 Data'!AK10 | N29: =(AVERAGE(IF((M29-L29)<0,-(M29-L29),(M29-L29)),IF((L29-K29)<0,-(L29-K29),(L29-K29)),IF((K29-J29)<0,-(K29-J29),(K29-J29)))*$T29)+M29 | O29: =(AVERAGE(IF((N29-M29)<0,-(N29-M29),(N29-M29)),IF((M29-L29)<0,-(M29-L29),(M29-L29)),IF((L29-K29)<0,-(L29-K29),(L29-K29)))*$T29)+N29 | P29: =(AVERAGE(IF((O29-N29)<0,-(O29-N29),(O29-N29)),IF((N29-M29)<0,-(N29-M29),(N29-M29)),IF((M29-L29)<0,-(M29-L29),(M29-L29)))*$T29)+O29 | Q29: =(AVERAGE(IF((P29-O29)<0,-(P29-O29),(P29-O29)),IF((O29-N29)<0,-(O29-N29),(O29-N29)),IF((N29-M29)<0,-(N29-M29),(N29-M29)))*$T29)+P29 | R29: =(AVERAGE(IF((Q29-P29)<0,-(Q29-P29),(Q29-P29)),IF((P29-O29)<0,-(P29-O29),(P29-O29)),IF((O29-N29)<0,-(O29-N29),(O29-N29)))*$T29)+Q29 | S29: =AVERAGE(G29:R29) | T29: 0.8
A30: ='Mapping Prob-Root'!A14 | B30: ='Mapping Prob-Root'!O14 | C30: medium | D30: Completeness (All) | G30: ='SC4 Data'!F11 | H30: ='SC4 Data'!K11 | I30: ='SC4 Data'!P11 | J30: ='SC4 Data'!U11 | K30: ='SC4 Data'!Z11 | L30: ='SC4 Data'!AE11 | M30: ='SC4 Data'!AJ11 | N30: =(AVERAGE(IF((M30-L30)<0,-(M30-L30),(M30-L30)),IF((L30-K30)<0,-(L30-K30),(L30-K30)),IF((K30-J30)<0,-(K30-J30),(K30-J30)))*$T30)+M30 | O30: =(AVERAGE(IF((N30-M30)<0,-(N30-M30),(N30-M30)),IF((M30-L30)<0,-(M30-L30),(M30-L30)),IF((L30-K30)<0,-(L30-K30),(L30-K30)))*$T30)+N30 | P30: =(AVERAGE(IF((O30-N30)<0,-(O30-N30),(O30-N30)),IF((N30-M30)<0,-(N30-M30),(N30-M30)),IF((M30-L30)<0,-(M30-L30),(M30-L30)))*$T30)+O30 | Q30: =(AVERAGE(IF((P30-O30)<0,-(P30-O30),(P30-O30)),IF((O30-N30)<0,-(O30-N30),(O30-N30)),IF((N30-M30)<0,-(N30-M30),(N30-M30)))*$T30)+P30 | R30: =(AVERAGE(IF((Q30-P30)<0,-(Q30-P30),(Q30-P30)),IF((P30-O30)<0,-(P30-O30),(P30-O30)),IF((O30-N30)<0,-(O30-N30),(O30-N30)))*$T30)+Q30 | S30: =AVERAGE(G30:R30) | T30: 0.8
A31: ='Mapping Prob-Root'!A15 | B31: ='Mapping Prob-Root'!O15 | C31: medium | D31: Timeliness (All) | G31: ='SC4 Data'!G11 | H31: ='SC4 Data'!L11 | I31: ='SC4 Data'!Q11 | J31: ='SC4 Data'!V11 | K31: ='SC4 Data'!AA11 | L31: ='SC4 Data'!AF11 | M31: ='SC4 Data'!AK11 | N31: =(AVERAGE(IF((M31-L31)<0,-(M31-L31),(M31-L31)),IF((L31-K31)<0,-(L31-K31),(L31-K31)),IF((K31-J31)<0,-(K31-J31),(K31-J31)))*$T31)+M31 | O31: =(AVERAGE(IF((N31-M31)<0,-(N31-M31),(N31-M31)),IF((M31-L31)<0,-(M31-L31),(M31-L31)),IF((L31-K31)<0,-(L31-K31),(L31-K31)))*$T31)+N31 | P31: =(AVERAGE(IF((O31-N31)<0,-(O31-N31),(O31-N31)),IF((N31-M31)<0,-(N31-M31),(N31-M31)),IF((M31-L31)<0,-(M31-L31),(M31-L31)))*$T31)+O31 | Q31: =(AVERAGE(IF((P31-O31)<0,-(P31-O31),(P31-O31)),IF((O31-N31)<0,-(O31-N31),(O31-N31)),IF((N31-M31)<0,-(N31-M31),(N31-M31)))*$T31)+P31 | R31: =(AVERAGE(IF((Q31-P31)<0,-(Q31-P31),(Q31-P31)),IF((P31-O31)<0,-(P31-O31),(P31-O31)),IF((O31-N31)<0,-(O31-N31),(O31-N31)))*$T31)+Q31 | S31: =AVERAGE(G31:R31) | T31: 1
A32: ='Mapping Prob-Root'!A16 | B32: ='Mapping Prob-Root'!O16 | C32: medium | D32: Completeness (All) | G32: ='SC4 Data'!F12 | H32: ='SC4 Data'!K12 | I32: ='SC4 Data'!P12 | J32: ='SC4 Data'!U12 | K32: ='SC4 Data'!Z12 | L32: ='SC4 Data'!AE12 | M32: ='SC4 Data'!AJ12 | N32: =(AVERAGE(IF((M32-L32)<0,-(M32-L32),(M32-L32)),IF((L32-K32)<0,-(L32-K32),(L32-K32)),IF((K32-J32)<0,-(K32-J32),(K32-J32)))*$T32)+M32 | O32: =(AVERAGE(IF((N32-M32)<0,-(N32-M32),(N32-M32)),IF((M32-L32)<0,-(M32-L32),(M32-L32)),IF((L32-K32)<0,-(L32-K32),(L32-K32)))*$T32)+N32 | P32: =(AVERAGE(IF((O32-N32)<0,-(O32-N32),(O32-N32)),IF((N32-M32)<0,-(N32-M32),(N32-M32)),IF((M32-L32)<0,-(M32-L32),(M32-L32)))*$T32)+O32 | Q32: =(AVERAGE(IF((P32-O32)<0,-(P32-O32),(P32-O32)),IF((O32-N32)<0,-(O32-N32),(O32-N32)),IF((N32-M32)<0,-(N32-M32),(N32-M32)))*$T32)+P32 | R32: =(AVERAGE(IF((Q32-P32)<0,-(Q32-P32),(Q32-P32)),IF((P32-O32)<0,-(P32-O32),(P32-O32)),IF((O32-N32)<0,-(O32-N32),(O32-N32)))*$T32)+Q32 | S32: =AVERAGE(G32:R32) | T32: 1.1
A33: ='Mapping Prob-Root'!A17 | B33: ='Mapping Prob-Root'!O17 | C33: medium | D33: Timeliness (All) | G33: ='SC4 Data'!G12 | H33: ='SC4 Data'!L12 | I33: ='SC4 Data'!Q12 | J33: ='SC4 Data'!V12 | K33: ='SC4 Data'!AA12 | L33: ='SC4 Data'!AF12 | M33: ='SC4 Data'!AK12 | N33: =(AVERAGE(IF((M33-L33)<0,-(M33-L33),(M33-L33)),IF((L33-K33)<0,-(L33-K33),(L33-K33)),IF((K33-J33)<0,-(K33-J33),(K33-J33)))*$T33)+M33 | O33: =(AVERAGE(IF((N33-M33)<0,-(N33-M33),(N33-M33)),IF((M33-L33)<0,-(M33-L33),(M33-L33)),IF((L33-K33)<0,-(L33-K33),(L33-K33)))*$T33)+N33 | P33: =(AVERAGE(IF((O33-N33)<0,-(O33-N33),(O33-N33)),IF((N33-M33)<0,-(N33-M33),(N33-M33)),IF((M33-L33)<0,-(M33-L33),(M33-L33)))*$T33)+O33 | Q33: =(AVERAGE(IF((P33-O33)<0,-(P33-O33),(P33-O33)),IF((O33-N33)<0,-(O33-N33),(O33-N33)),IF((N33-M33)<0,-(N33-M33),(N33-M33)))*$T33)+P33 | R33: =(AVERAGE(IF((Q33-P33)<0,-(Q33-P33),(Q33-P33)),IF((P33-O33)<0,-(P33-O33),(P33-O33)),IF((O33-N33)<0,-(O33-N33),(O33-N33)))*$T33)+Q33 | S33: =AVERAGE(G33:R33) | T33: 1.3
A34: ='Mapping Prob-Root'!A18 | B34: ='Mapping Prob-Root'!O18 | C34: medium | D34: Completeness (All) | G34: ='SC4 Data'!F13 | H34: ='SC4 Data'!K13 | I34: ='SC4 Data'!P13 | J34: ='SC4 Data'!U13 | K34: ='SC4 Data'!Z13 | L34: ='SC4 Data'!AE13 | M34: ='SC4 Data'!AJ13 | N34: =(AVERAGE(IF((M34-L34)<0,-(M34-L34),(M34-L34)),IF((L34-K34)<0,-(L34-K34),(L34-K34)),IF((K34-J34)<0,-(K34-J34),(K34-J34)))*$T34)+M34 | O34: =(AVERAGE(IF((N34-M34)<0,-(N34-M34),(N34-M34)),IF((M34-L34)<0,-(M34-L34),(M34-L34)),IF((L34-K34)<0,-(L34-K34),(L34-K34)))*$T34)+N34 | P34: =(AVERAGE(IF((O34-N34)<0,-(O34-N34),(O34-N34)),IF((N34-M34)<0,-(N34-M34),(N34-M34)),IF((M34-L34)<0,-(M34-L34),(M34-L34)))*$T34)+O34 | Q34: =(AVERAGE(IF((P34-O34)<0,-(P34-O34),(P34-O34)),IF((O34-N34)<0,-(O34-N34),(O34-N34)),IF((N34-M34)<0,-(N34-M34),(N34-M34)))*$T34)+P34 | R34: =(AVERAGE(IF((Q34-P34)<0,-(Q34-P34),(Q34-P34)),IF((P34-O34)<0,-(P34-O34),(P34-O34)),IF((O34-N34)<0,-(O34-N34),(O34-N34)))*$T34)+Q34 | S34: =AVERAGE(G34:R34) | T34: 0.3
A35: ='Mapping Prob-Root'!A19 | B35: ='Mapping Prob-Root'!O19 | C35: medium | D35: Timeliness (All) | G35: ='SC4 Data'!G13 | H35: ='SC4 Data'!L13 | I35: ='SC4 Data'!Q13 | J35: ='SC4 Data'!V13 | K35: ='SC4 Data'!AA13 | L35: ='SC4 Data'!AF13 | M35: ='SC4 Data'!AK13 | N35: =(AVERAGE(IF((M35-L35)<0,-(M35-L35),(M35-L35)),IF((L35-K35)<0,-(L35-K35),(L35-K35)),IF((K35-J35)<0,-(K35-J35),(K35-J35)))*$T35)+M35 | O35: =(AVERAGE(IF((N35-M35)<0,-(N35-M35),(N35-M35)),IF((M35-L35)<0,-(M35-L35),(M35-L35)),IF((L35-K35)<0,-(L35-K35),(L35-K35)))*$T35)+N35 | P35: =(AVERAGE(IF((O35-N35)<0,-(O35-N35),(O35-N35)),IF((N35-M35)<0,-(N35-M35),(N35-M35)),IF((M35-L35)<0,-(M35-L35),(M35-L35)))*$T35)+O35 | Q35: =(AVERAGE(IF((P35-O35)<0,-(P35-O35),(P35-O35)),IF((O35-N35)<0,-(O35-N35),(O35-N35)),IF((N35-M35)<0,-(N35-M35),(N35-M35)))*$T35)+P35 | R35: =(AVERAGE(IF((Q35-P35)<0,-(Q35-P35),(Q35-P35)),IF((P35-O35)<0,-(P35-O35),(P35-O35)),IF((O35-N35)<0,-(O35-N35),(O35-N35)))*$T35)+Q35 | S35: =AVERAGE(G35:R35) | T35: 1
A36: ='Mapping Prob-Root'!A20 | B36: ='Mapping Prob-Root'!O20 | C36: high | D36: Completeness (Critical) | G36: ='SC4 Data'!F14 | H36: ='SC4 Data'!K14 | I36: ='SC4 Data'!P14 | J36: ='SC4 Data'!U14 | K36: ='SC4 Data'!Z14 | L36: ='SC4 Data'!AE14 | M36: ='SC4 Data'!AJ14 | N36: =(AVERAGE(IF((M36-L36)<0,-(M36-L36),(M36-L36)),IF((L36-K36)<0,-(L36-K36),(L36-K36)),IF((K36-J36)<0,-(K36-J36),(K36-J36)))*$T36)+M36 | O36: =(AVERAGE(IF((N36-M36)<0,-(N36-M36),(N36-M36)),IF((M36-L36)<0,-(M36-L36),(M36-L36)),IF((L36-K36)<0,-(L36-K36),(L36-K36)))*$T36)+N36 | P36: =(AVERAGE(IF((O36-N36)<0,-(O36-N36),(O36-N36)),IF((N36-M36)<0,-(N36-M36),(N36-M36)),IF((M36-L36)<0,-(M36-L36),(M36-L36)))*$T36)+O36 | Q36: =(AVERAGE(IF((P36-O36)<0,-(P36-O36),(P36-O36)),IF((O36-N36)<0,-(O36-N36),(O36-N36)),IF((N36-M36)<0,-(N36-M36),(N36-M36)))*$T36)+P36 | R36: =(AVERAGE(IF((Q36-P36)<0,-(Q36-P36),(Q36-P36)),IF((P36-O36)<0,-(P36-O36),(P36-O36)),IF((O36-N36)<0,-(O36-N36),(O36-N36)))*$T36)+Q36 | S36: =AVERAGE(G36:R36) | T36: 0.7
A37: ='Mapping Prob-Root'!A21 | B37: ='Mapping Prob-Root'!O21 | C37: high | D37: Timeliness (Critical) | G37: ='SC4 Data'!G14 | H37: ='SC4 Data'!L14 | I37: ='SC4 Data'!Q14 | J37: ='SC4 Data'!V14 | K37: ='SC4 Data'!AA14 | L37: ='SC4 Data'!AF14 | M37: ='SC4 Data'!AK14 | N37: =(AVERAGE(IF((M37-L37)<0,-(M37-L37),(M37-L37)),IF((L37-K37)<0,-(L37-K37),(L37-K37)),IF((K37-J37)<0,-(K37-J37),(K37-J37)))*$T37)+M37 | O37: =(AVERAGE(IF((N37-M37)<0,-(N37-M37),(N37-M37)),IF((M37-L37)<0,-(M37-L37),(M37-L37)),IF((L37-K37)<0,-(L37-K37),(L37-K37)))*$T37)+N37 | P37: =(AVERAGE(IF((O37-N37)<0,-(O37-N37),(O37-N37)),IF((N37-M37)<0,-(N37-M37),(N37-M37)),IF((M37-L37)<0,-(M37-L37),(M37-L37)))*$T37)+O37 | Q37: =(AVERAGE(IF((P37-O37)<0,-(P37-O37),(P37-O37)),IF((O37-N37)<0,-(O37-N37),(O37-N37)),IF((N37-M37)<0,-(N37-M37),(N37-M37)))*$T37)+P37 | R37: =(AVERAGE(IF((Q37-P37)<0,-(Q37-P37),(Q37-P37)),IF((P37-O37)<0,-(P37-O37),(P37-O37)),IF((O37-N37)<0,-(O37-N37),(O37-N37)))*$T37)+Q37 | S37: =AVERAGE(G37:R37) | T37: 0.2
A38: ='Mapping Prob-Root'!A22 | B38: ='Mapping Prob-Root'!O22 | C38: high | D38: Completeness (Critical) | G38: ='SC4 Data'!F15 | H38: ='SC4 Data'!K15 | I38: ='SC4 Data'!P15 | J38: ='SC4 Data'!U15 | K38: ='SC4 Data'!Z15 | L38: ='SC4 Data'!AE15 | M38: ='SC4 Data'!AJ15 | N38: =(AVERAGE(IF((M38-L38)<0,-(M38-L38),(M38-L38)),IF((L38-K38)<0,-(L38-K38),(L38-K38)),IF((K38-J38)<0,-(K38-J38),(K38-J38)))*$T38)+M38 | O38: =(AVERAGE(IF((N38-M38)<0,-(N38-M38),(N38-M38)),IF((M38-L38)<0,-(M38-L38),(M38-L38)),IF((L38-K38)<0,-(L38-K38),(L38-K38)))*$T38)+N38 | P38: =(AVERAGE(IF((O38-N38)<0,-(O38-N38),(O38-N38)),IF((N38-M38)<0,-(N38-M38),(N38-M38)),IF((M38-L38)<0,-(M38-L38),(M38-L38)))*$T38)+O38 | Q38: =(AVERAGE(IF((P38-O38)<0,-(P38-O38),(P38-O38)),IF((O38-N38)<0,-(O38-N38),(O38-N38)),IF((N38-M38)<0,-(N38-M38),(N38-M38)))*$T38)+P38 | R38: =(AVERAGE(IF((Q38-P38)<0,-(Q38-P38),(Q38-P38)),IF((P38-O38)<0,-(P38-O38),(P38-O38)),IF((O38-N38)<0,-(O38-N38),(O38-N38)))*$T38)+Q38 | S38: =AVERAGE(G38:R38) | T38: 0.4
A39: ='Mapping Prob-Root'!A23 | B39: ='Mapping Prob-Root'!O23 | C39: high | D39: Timeliness (Critical) | G39: ='SC4 Data'!G15 | H39: ='SC4 Data'!L15 | I39: ='SC4 Data'!Q15 | J39: ='SC4 Data'!V15 | K39: ='SC4 Data'!AA15 | L39: ='SC4 Data'!AF15 | M39: ='SC4 Data'!AK15 | N39: =(AVERAGE(IF((M39-L39)<0,-(M39-L39),(M39-L39)),IF((L39-K39)<0,-(L39-K39),(L39-K39)),IF((K39-J39)<0,-(K39-J39),(K39-J39)))*$T39)+M39 | O39: =(AVERAGE(IF((N39-M39)<0,-(N39-M39),(N39-M39)),IF((M39-L39)<0,-(M39-L39),(M39-L39)),IF((L39-K39)<0,-(L39-K39),(L39-K39)))*$T39)+N39 | P39: =(AVERAGE(IF((O39-N39)<0,-(O39-N39),(O39-N39)),IF((N39-M39)<0,-(N39-M39),(N39-M39)),IF((M39-L39)<0,-(M39-L39),(M39-L39)))*$T39)+O39 | Q39: =(AVERAGE(IF((P39-O39)<0,-(P39-O39),(P39-O39)),IF((O39-N39)<0,-(O39-N39),(O39-N39)),IF((N39-M39)<0,-(N39-M39),(N39-M39)))*$T39)+P39 | R39: =(AVERAGE(IF((Q39-P39)<0,-(Q39-P39),(Q39-P39)),IF((P39-O39)<0,-(P39-O39),(P39-O39)),IF((O39-N39)<0,-(O39-N39),(O39-N39)))*$T39)+Q39 | S39: =AVERAGE(G39:R39) | T39: 0.5
A40: ='Mapping Prob-Root'!A24 | B40: ='Mapping Prob-Root'!O24 | C40: high | D40: Completeness (Critical) | G40: ='SC4 Data'!F16 | H40: ='SC4 Data'!K16 | I40: ='SC4 Data'!P16 | J40: ='SC4 Data'!U16 | K40: ='SC4 Data'!Z16 | L40: ='SC4 Data'!AE16 | M40: ='SC4 Data'!AJ16 | N40: =(AVERAGE(IF((M40-L40)<0,-(M40-L40),(M40-L40)),IF((L40-K40)<0,-(L40-K40),(L40-K40)),IF((K40-J40)<0,-(K40-J40),(K40-J40)))*$T40)+M40 | O40: =(AVERAGE(IF((N40-M40)<0,-(N40-M40),(N40-M40)),IF((M40-L40)<0,-(M40-L40),(M40-L40)),IF((L40-K40)<0,-(L40-K40),(L40-K40)))*$T40)+N40 | P40: =(AVERAGE(IF((O40-N40)<0,-(O40-N40),(O40-N40)),IF((N40-M40)<0,-(N40-M40),(N40-M40)),IF((M40-L40)<0,-(M40-L40),(M40-L40)))*$T40)+O40 | Q40: =(AVERAGE(IF((P40-O40)<0,-(P40-O40),(P40-O40)),IF((O40-N40)<0,-(O40-N40),(O40-N40)),IF((N40-M40)<0,-(N40-M40),(N40-M40)))*$T40)+P40 | R40: =(AVERAGE(IF((Q40-P40)<0,-(Q40-P40),(Q40-P40)),IF((P40-O40)<0,-(P40-O40),(P40-O40)),IF((O40-N40)<0,-(O40-N40),(O40-N40)))*$T40)+Q40 | S40: =AVERAGE(G40:R40) | T40: 0.1
A41: ='Mapping Prob-Root'!A25 | B41: ='Mapping Prob-Root'!O25 | C41: high | D41: Timeliness (Critical) | G41: ='SC4 Data'!G16 | H41: ='SC4 Data'!L16 | I41: ='SC4 Data'!Q16 | J41: ='SC4 Data'!V16 | K41: ='SC4 Data'!AA16 | L41: ='SC4 Data'!AF16 | M41: ='SC4 Data'!AK16 | N41: =(AVERAGE(IF((M41-L41)<0,-(M41-L41),(M41-L41)),IF((L41-K41)<0,-(L41-K41),(L41-K41)),IF((K41-J41)<0,-(K41-J41),(K41-J41)))*$T41)+M41 | O41: =(AVERAGE(IF((N41-M41)<0,-(N41-M41),(N41-M41)),IF((M41-L41)<0,-(M41-L41),(M41-L41)),IF((L41-K41)<0,-(L41-K41),(L41-K41)))*$T41)+N41 | P41: =(AVERAGE(IF((O41-N41)<0,-(O41-N41),(O41-N41)),IF((N41-M41)<0,-(N41-M41),(N41-M41)),IF((M41-L41)<0,-(M41-L41),(M41-L41)))*$T41)+O41 | Q41: =(AVERAGE(IF((P41-O41)<0,-(P41-O41),(P41-O41)),IF((O41-N41)<0,-(O41-N41),(O41-N41)),IF((N41-M41)<0,-(N41-M41),(N41-M41)))*$T41)+P41 | R41: =(AVERAGE(IF((Q41-P41)<0,-(Q41-P41),(Q41-P41)),IF((P41-O41)<0,-(P41-O41),(P41-O41)),IF((O41-N41)<0,-(O41-N41),(O41-N41)))*$T41)+Q41 | S41: =AVERAGE(G41:R41) | T41: 1.1
A42: ='Mapping Prob-Root'!A26 | B42: ='Mapping Prob-Root'!O26 | C42: high | D42: Completeness (Critical) | G42: ='SC4 Data'!F17 | H42: ='SC4 Data'!K17 | I42: ='SC4 Data'!P17 | J42: ='SC4 Data'!U17 | K42: ='SC4 Data'!Z17 | L42: ='SC4 Data'!AE17 | M42: ='SC4 Data'!AJ17 | N42: =(AVERAGE(IF((M42-L42)<0,-(M42-L42),(M42-L42)),IF((L42-K42)<0,-(L42-K42),(L42-K42)),IF((K42-J42)<0,-(K42-J42),(K42-J42)))*$T42)+M42 | O42: =(AVERAGE(IF((N42-M42)<0,-(N42-M42),(N42-M42)),IF((M42-L42)<0,-(M42-L42),(M42-L42)),IF((L42-K42)<0,-(L42-K42),(L42-K42)))*$T42)+N42 | P42: =(AVERAGE(IF((O42-N42)<0,-(O42-N42),(O42-N42)),IF((N42-M42)<0,-(N42-M42),(N42-M42)),IF((M42-L42)<0,-(M42-L42),(M42-L42)))*$T42)+O42 | Q42: =(AVERAGE(IF((P42-O42)<0,-(P42-O42),(P42-O42)),IF((O42-N42)<0,-(O42-N42),(O42-N42)),IF((N42-M42)<0,-(N42-M42),(N42-M42)))*$T42)+P42 | R42: =(AVERAGE(IF((Q42-P42)<0,-(Q42-P42),(Q42-P42)),IF((P42-O42)<0,-(P42-O42),(P42-O42)),IF((O42-N42)<0,-(O42-N42),(O42-N42)))*$T42)+Q42 | S42: =AVERAGE(G42:R42) | T42: 0.8
A43: ='Mapping Prob-Root'!A27 | B43: ='Mapping Prob-Root'!O27 | C43: high | D43: Timeliness (Critical) | G43: ='SC4 Data'!G17 | H43: ='SC4 Data'!L17 | I43: ='SC4 Data'!Q17 | J43: ='SC4 Data'!V17 | K43: ='SC4 Data'!AA17 | L43: ='SC4 Data'!AF17 | M43: ='SC4 Data'!AK17 | N43: =(AVERAGE(IF((M43-L43)<0,-(M43-L43),(M43-L43)),IF((L43-K43)<0,-(L43-K43),(L43-K43)),IF((K43-J43)<0,-(K43-J43),(K43-J43)))*$T43)+M43 | O43: =(AVERAGE(IF((N43-M43)<0,-(N43-M43),(N43-M43)),IF((M43-L43)<0,-(M43-L43),(M43-L43)),IF((L43-K43)<0,-(L43-K43),(L43-K43)))*$T43)+N43 | P43: =(AVERAGE(IF((O43-N43)<0,-(O43-N43),(O43-N43)),IF((N43-M43)<0,-(N43-M43),(N43-M43)),IF((M43-L43)<0,-(M43-L43),(M43-L43)))*$T43)+O43 | Q43: =(AVERAGE(IF((P43-O43)<0,-(P43-O43),(P43-O43)),IF((O43-N43)<0,-(O43-N43),(O43-N43)),IF((N43-M43)<0,-(N43-M43),(N43-M43)))*$T43)+P43 | R43: =(AVERAGE(IF((Q43-P43)<0,-(Q43-P43),(Q43-P43)),IF((P43-O43)<0,-(P43-O43),(P43-O43)),IF((O43-N43)<0,-(O43-N43),(O43-N43)))*$T43)+Q43 | S43: =AVERAGE(G43:R43) | T43: 1.5
A44: ='Mapping Prob-Root'!A28 | B44: ='Mapping Prob-Root'!O28 | C44: medium | D44: Completeness (All) | G44: ='SC4 Data'!F18 | H44: ='SC4 Data'!K18 | I44: ='SC4 Data'!P18 | J44: ='SC4 Data'!U18 | K44: ='SC4 Data'!Z18 | L44: ='SC4 Data'!AE18 | M44: ='SC4 Data'!AJ18 | N44: =(AVERAGE(IF((M44-L44)<0,-(M44-L44),(M44-L44)),IF((L44-K44)<0,-(L44-K44),(L44-K44)),IF((K44-J44)<0,-(K44-J44),(K44-J44)))*$T44)+M44 | O44: =(AVERAGE(IF((N44-M44)<0,-(N44-M44),(N44-M44)),IF((M44-L44)<0,-(M44-L44),(M44-L44)),IF((L44-K44)<0,-(L44-K44),(L44-K44)))*$T44)+N44 | P44: =(AVERAGE(IF((O44-N44)<0,-(O44-N44),(O44-N44)),IF((N44-M44)<0,-(N44-M44),(N44-M44)),IF((M44-L44)<0,-(M44-L44),(M44-L44)))*$T44)+O44 | Q44: =(AVERAGE(IF((P44-O44)<0,-(P44-O44),(P44-O44)),IF((O44-N44)<0,-(O44-N44),(O44-N44)),IF((N44-M44)<0,-(N44-M44),(N44-M44)))*$T44)+P44 | R44: =(AVERAGE(IF((Q44-P44)<0,-(Q44-P44),(Q44-P44)),IF((P44-O44)<0,-(P44-O44),(P44-O44)),IF((O44-N44)<0,-(O44-N44),(O44-N44)))*$T44)+Q44 | S44: =AVERAGE(G44:R44) | T44: 0.8
A45: ='Mapping Prob-Root'!A29 | B45: ='Mapping Prob-Root'!O29 | C45: medium | D45: Timeliness (All) | G45: ='SC4 Data'!G18 | H45: ='SC4 Data'!L18 | I45: ='SC4 Data'!Q18 | J45: ='SC4 Data'!V18 | K45: ='SC4 Data'!AA18 | L45: ='SC4 Data'!AF18 | M45: ='SC4 Data'!AK18 | N45: =(AVERAGE(IF((M45-L45)<0,-(M45-L45),(M45-L45)),IF((L45-K45)<0,-(L45-K45),(L45-K45)),IF((K45-J45)<0,-(K45-J45),(K45-J45)))*$T45)+M45 | O45: =(AVERAGE(IF((N45-M45)<0,-(N45-M45),(N45-M45)),IF((M45-L45)<0,-(M45-L45),(M45-L45)),IF((L45-K45)<0,-(L45-K45),(L45-K45)))*$T45)+N45 | P45: =(AVERAGE(IF((O45-N45)<0,-(O45-N45),(O45-N45)),IF((N45-M45)<0,-(N45-M45),(N45-M45)),IF((M45-L45)<0,-(M45-L45),(M45-L45)))*$T45)+O45 | Q45: =(AVERAGE(IF((P45-O45)<0,-(P45-O45),(P45-O45)),IF((O45-N45)<0,-(O45-N45),(O45-N45)),IF((N45-M45)<0,-(N45-M45),(N45-M45)))*$T45)+P45 | R45: =(AVERAGE(IF((Q45-P45)<0,-(Q45-P45),(Q45-P45)),IF((P45-O45)<0,-(P45-O45),(P45-O45)),IF((O45-N45)<0,-(O45-N45),(O45-N45)))*$T45)+Q45 | S45: =AVERAGE(G45:R45) | T45: 1
A46: ='Mapping Prob-Root'!A30 | B46: ='Mapping Prob-Root'!O30 | C46: medium | D46: Completeness (All) | G46: ='SC4 Data'!F19 | H46: ='SC4 Data'!K19 | I46: ='SC4 Data'!P19 | J46: ='SC4 Data'!U19 | K46: ='SC4 Data'!Z19 | L46: ='SC4 Data'!AE19 | M46: ='SC4 Data'!AJ19 | N46: =(AVERAGE(IF((M46-L46)<0,-(M46-L46),(M46-L46)),IF((L46-K46)<0,-(L46-K46),(L46-K46)),IF((K46-J46)<0,-(K46-J46),(K46-J46)))*$T46)+M46 | O46: =(AVERAGE(IF((N46-M46)<0,-(N46-M46),(N46-M46)),IF((M46-L46)<0,-(M46-L46),(M46-L46)),IF((L46-K46)<0,-(L46-K46),(L46-K46)))*$T46)+N46 | P46: =(AVERAGE(IF((O46-N46)<0,-(O46-N46),(O46-N46)),IF((N46-M46)<0,-(N46-M46),(N46-M46)),IF((M46-L46)<0,-(M46-L46),(M46-L46)))*$T46)+O46 | Q46: =(AVERAGE(IF((P46-O46)<0,-(P46-O46),(P46-O46)),IF((O46-N46)<0,-(O46-N46),(O46-N46)),IF((N46-M46)<0,-(N46-M46),(N46-M46)))*$T46)+P46 | R46: =(AVERAGE(IF((Q46-P46)<0,-(Q46-P46),(Q46-P46)),IF((P46-O46)<0,-(P46-O46),(P46-O46)),IF((O46-N46)<0,-(O46-N46),(O46-N46)))*$T46)+Q46 | S46: =AVERAGE(G46:R46) | T46: 0.6
A47: ='Mapping Prob-Root'!A31 | B47: ='Mapping Prob-Root'!O31 | C47: medium | D47: Timeliness (All) | G47: ='SC4 Data'!G19 | H47: ='SC4 Data'!L19 | I47: ='SC4 Data'!Q19 | J47: ='SC4 Data'!V19 | K47: ='SC4 Data'!AA19 | L47: ='SC4 Data'!AF19 | M47: ='SC4 Data'!AK19 | N47: =(AVERAGE(IF((M47-L47)<0,-(M47-L47),(M47-L47)),IF((L47-K47)<0,-(L47-K47),(L47-K47)),IF((K47-J47)<0,-(K47-J47),(K47-J47)))*$T47)+M47 | O47: =(AVERAGE(IF((N47-M47)<0,-(N47-M47),(N47-M47)),IF((M47-L47)<0,-(M47-L47),(M47-L47)),IF((L47-K47)<0,-(L47-K47),(L47-K47)))*$T47)+N47 | P47: =(AVERAGE(IF((O47-N47)<0,-(O47-N47),(O47-N47)),IF((N47-M47)<0,-(N47-M47),(N47-M47)),IF((M47-L47)<0,-(M47-L47),(M47-L47)))*$T47)+O47 | Q47: =(AVERAGE(IF((P47-O47)<0,-(P47-O47),(P47-O47)),IF((O47-N47)<0,-(O47-N47),(O47-N47)),IF((N47-M47)<0,-(N47-M47),(N47-M47)))*$T47)+P47 | R47: =(AVERAGE(IF((Q47-P47)<0,-(Q47-P47),(Q47-P47)),IF((P47-O47)<0,-(P47-O47),(P47-O47)),IF((O47-N47)<0,-(O47-N47),(O47-N47)))*$T47)+Q47 | S47: =AVERAGE(G47:R47) | T47: 1.2
A48: ='Mapping Prob-Root'!A32 | B48: ='Mapping Prob-Root'!O32 | C48: medium | D48: Completeness (All) | G48: ='SC4 Data'!F20 | H48: ='SC4 Data'!K20 | I48: ='SC4 Data'!P20 | J48: ='SC4 Data'!U20 | K48: ='SC4 Data'!Z20 | L48: ='SC4 Data'!AE20 | M48: ='SC4 Data'!AJ20 | N48: =(AVERAGE(IF((M48-L48)<0,-(M48-L48),(M48-L48)),IF((L48-K48)<0,-(L48-K48),(L48-K48)),IF((K48-J48)<0,-(K48-J48),(K48-J48)))*$T48)+M48 | O48: =(AVERAGE(IF((N48-M48)<0,-(N48-M48),(N48-M48)),IF((M48-L48)<0,-(M48-L48),(M48-L48)),IF((L48-K48)<0,-(L48-K48),(L48-K48)))*$T48)+N48 | P48: =(AVERAGE(IF((O48-N48)<0,-(O48-N48),(O48-N48)),IF((N48-M48)<0,-(N48-M48),(N48-M48)),IF((M48-L48)<0,-(M48-L48),(M48-L48)))*$T48)+O48 | Q48: =(AVERAGE(IF((P48-O48)<0,-(P48-O48),(P48-O48)),IF((O48-N48)<0,-(O48-N48),(O48-N48)),IF((N48-M48)<0,-(N48-M48),(N48-M48)))*$T48)+P48 | R48: =(AVERAGE(IF((Q48-P48)<0,-(Q48-P48),(Q48-P48)),IF((P48-O48)<0,-(P48-O48),(P48-O48)),IF((O48-N48)<0,-(O48-N48),(O48-N48)))*$T48)+Q48 | S48: =AVERAGE(G48:R48) | T48: 0.5
A49: ='Mapping Prob-Root'!A33 | B49: ='Mapping Prob-Root'!O33 | C49: medium | D49: Timeliness (All) | G49: ='SC4 Data'!G20 | H49: ='SC4 Data'!L20 | I49: ='SC4 Data'!Q20 | J49: ='SC4 Data'!V20 | K49: ='SC4 Data'!AA20 | L49: ='SC4 Data'!AF20 | M49: ='SC4 Data'!AK20 | N49: =(AVERAGE(IF((M49-L49)<0,-(M49-L49),(M49-L49)),IF((L49-K49)<0,-(L49-K49),(L49-K49)),IF((K49-J49)<0,-(K49-J49),(K49-J49)))*$T49)+M49 | O49: =(AVERAGE(IF((N49-M49)<0,-(N49-M49),(N49-M49)),IF((M49-L49)<0,-(M49-L49),(M49-L49)),IF((L49-K49)<0,-(L49-K49),(L49-K49)))*$T49)+N49 | P49: =(AVERAGE(IF((O49-N49)<0,-(O49-N49),(O49-N49)),IF((N49-M49)<0,-(N49-M49),(N49-M49)),IF((M49-L49)<0,-(M49-L49),(M49-L49)))*$T49)+O49 | Q49: =(AVERAGE(IF((P49-O49)<0,-(P49-O49),(P49-O49)),IF((O49-N49)<0,-(O49-N49),(O49-N49)),IF((N49-M49)<0,-(N49-M49),(N49-M49)))*$T49)+P49 | R49: =(AVERAGE(IF((Q49-P49)<0,-(Q49-P49),(Q49-P49)),IF((P49-O49)<0,-(P49-O49),(P49-O49)),IF((O49-N49)<0,-(O49-N49),(O49-N49)))*$T49)+Q49 | S49: =AVERAGE(G49:R49) | T49: 1
A50: ='Mapping Prob-Root'!A34 | B50: ='Mapping Prob-Root'!O34 | C50: medium | D50: Completeness (All) | G50: ='SC4 Data'!F21 | H50: ='SC4 Data'!K21 | I50: ='SC4 Data'!P21 | J50: ='SC4 Data'!U21 | K50: ='SC4 Data'!Z21 | L50: ='SC4 Data'!AE21 | M50: ='SC4 Data'!AJ21 | N50: =(AVERAGE(IF((M50-L50)<0,-(M50-L50),(M50-L50)),IF((L50-K50)<0,-(L50-K50),(L50-K50)),IF((K50-J50)<0,-(K50-J50),(K50-J50)))*$T50)+M50 | O50: =(AVERAGE(IF((N50-M50)<0,-(N50-M50),(N50-M50)),IF((M50-L50)<0,-(M50-L50),(M50-L50)),IF((L50-K50)<0,-(L50-K50),(L50-K50)))*$T50)+N50 | P50: =(AVERAGE(IF((O50-N50)<0,-(O50-N50),(O50-N50)),IF((N50-M50)<0,-(N50-M50),(N50-M50)),IF((M50-L50)<0,-(M50-L50),(M50-L50)))*$T50)+O50 | Q50: =(AVERAGE(IF((P50-O50)<0,-(P50-O50),(P50-O50)),IF((O50-N50)<0,-(O50-N50),(O50-N50)),IF((N50-M50)<0,-(N50-M50),(N50-M50)))*$T50)+P50 | R50: =(AVERAGE(IF((Q50-P50)<0,-(Q50-P50),(Q50-P50)),IF((P50-O50)<0,-(P50-O50),(P50-O50)),IF((O50-N50)<0,-(O50-N50),(O50-N50)))*$T50)+Q50 | S50: =AVERAGE(G50:R50) | T50: 0.4
A51: ='Mapping Prob-Root'!A35 | B51: ='Mapping Prob-Root'!O35 | C51: medium | D51: Timeliness (All) | G51: ='SC4 Data'!G21 | H51: ='SC4 Data'!L21 | I51: ='SC4 Data'!Q21 | J51: ='SC4 Data'!V21 | K51: ='SC4 Data'!AA21 | L51: ='SC4 Data'!AF21 | M51: ='SC4 Data'!AK21 | N51: =(AVERAGE(IF((M51-L51)<0,-(M51-L51),(M51-L51)),IF((L51-K51)<0,-(L51-K51),(L51-K51)),IF((K51-J51)<0,-(K51-J51),(K51-J51)))*$T51)+M51 | O51: =(AVERAGE(IF((N51-M51)<0,-(N51-M51),(N51-M51)),IF((M51-L51)<0,-(M51-L51),(M51-L51)),IF((L51-K51)<0,-(L51-K51),(L51-K51)))*$T51)+N51 | P51: =(AVERAGE(IF((O51-N51)<0,-(O51-N51),(O51-N51)),IF((N51-M51)<0,-(N51-M51),(N51-M51)),IF((M51-L51)<0,-(M51-L51),(M51-L51)))*$T51)+O51 | Q51: =(AVERAGE(IF((P51-O51)<0,-(P51-O51),(P51-O51)),IF((O51-N51)<0,-(O51-N51),(O51-N51)),IF((N51-M51)<0,-(N51-M51),(N51-M51)))*$T51)+P51 | R51: =(AVERAGE(IF((Q51-P51)<0,-(Q51-P51),(Q51-P51)),IF((P51-O51)<0,-(P51-O51),(P51-O51)),IF((O51-N51)<0,-(O51-N51),(O51-N51)))*$T51)+Q51 | S51: =AVERAGE(G51:R51) | T51: 0.5
A52: ='Mapping Prob-Root'!A36 | B52: ='Mapping Prob-Root'!O36 | C52: high | D52: Completeness (Critical) | G52: ='SC4 Data'!F22 | H52: ='SC4 Data'!K22 | I52: ='SC4 Data'!P22 | J52: ='SC4 Data'!U22 | K52: ='SC4 Data'!Z22 | L52: ='SC4 Data'!AE22 | M52: ='SC4 Data'!AJ22 | N52: =(AVERAGE(IF((M52-L52)<0,-(M52-L52),(M52-L52)),IF((L52-K52)<0,-(L52-K52),(L52-K52)),IF((K52-J52)<0,-(K52-J52),(K52-J52)))*$T52)+M52 | O52: =(AVERAGE(IF((N52-M52)<0,-(N52-M52),(N52-M52)),IF((M52-L52)<0,-(M52-L52),(M52-L52)),IF((L52-K52)<0,-(L52-K52),(L52-K52)))*$T52)+N52 | P52: =(AVERAGE(IF((O52-N52)<0,-(O52-N52),(O52-N52)),IF((N52-M52)<0,-(N52-M52),(N52-M52)),IF((M52-L52)<0,-(M52-L52),(M52-L52)))*$T52)+O52 | Q52: =(AVERAGE(IF((P52-O52)<0,-(P52-O52),(P52-O52)),IF((O52-N52)<0,-(O52-N52),(O52-N52)),IF((N52-M52)<0,-(N52-M52),(N52-M52)))*$T52)+P52 | R52: =(AVERAGE(IF((Q52-P52)<0,-(Q52-P52),(Q52-P52)),IF((P52-O52)<0,-(P52-O52),(P52-O52)),IF((O52-N52)<0,-(O52-N52),(O52-N52)))*$T52)+Q52 | S52: =AVERAGE(G52:R52) | T52: 1
A53: ='Mapping Prob-Root'!A37 | B53: ='Mapping Prob-Root'!O37 | C53: high | D53: Timeliness (Critical) | G53: ='SC4 Data'!G22 | H53: ='SC4 Data'!L22 | I53: ='SC4 Data'!Q22 | J53: ='SC4 Data'!V22 | K53: ='SC4 Data'!AA22 | L53: ='SC4 Data'!AF22 | M53: ='SC4 Data'!AK22 | N53: =(AVERAGE(IF((M53-L53)<0,-(M53-L53),(M53-L53)),IF((L53-K53)<0,-(L53-K53),(L53-K53)),IF((K53-J53)<0,-(K53-J53),(K53-J53)))*$T53)+M53 | O53: =(AVERAGE(IF((N53-M53)<0,-(N53-M53),(N53-M53)),IF((M53-L53)<0,-(M53-L53),(M53-L53)),IF((L53-K53)<0,-(L53-K53),(L53-K53)))*$T53)+N53 | P53: =(AVERAGE(IF((O53-N53)<0,-(O53-N53),(O53-N53)),IF((N53-M53)<0,-(N53-M53),(N53-M53)),IF((M53-L53)<0,-(M53-L53),(M53-L53)))*$T53)+O53 | Q53: =(AVERAGE(IF((P53-O53)<0,-(P53-O53),(P53-O53)),IF((O53-N53)<0,-(O53-N53),(O53-N53)),IF((N53-M53)<0,-(N53-M53),(N53-M53)))*$T53)+P53 | R53: =(AVERAGE(IF((Q53-P53)<0,-(Q53-P53),(Q53-P53)),IF((P53-O53)<0,-(P53-O53),(P53-O53)),IF((O53-N53)<0,-(O53-N53),(O53-N53)))*$T53)+Q53 | S53: =AVERAGE(G53:R53) | T53: 0.8
A54: ='Mapping Prob-Root'!A38 | B54: ='Mapping Prob-Root'!O38 | C54: medium | D54: Completeness (All) | G54: ='SC4 Data'!F23 | H54: ='SC4 Data'!K23 | I54: ='SC4 Data'!P23 | J54: ='SC4 Data'!U23 | K54: ='SC4 Data'!Z23 | L54: ='SC4 Data'!AE23 | M54: ='SC4 Data'!AJ23 | N54: =(AVERAGE(IF((M54-L54)<0,-(M54-L54),(M54-L54)),IF((L54-K54)<0,-(L54-K54),(L54-K54)),IF((K54-J54)<0,-(K54-J54),(K54-J54)))*$T54)+M54 | O54: =(AVERAGE(IF((N54-M54)<0,-(N54-M54),(N54-M54)),IF((M54-L54)<0,-(M54-L54),(M54-L54)),IF((L54-K54)<0,-(L54-K54),(L54-K54)))*$T54)+N54 | P54: =(AVERAGE(IF((O54-N54)<0,-(O54-N54),(O54-N54)),IF((N54-M54)<0,-(N54-M54),(N54-M54)),IF((M54-L54)<0,-(M54-L54),(M54-L54)))*$T54)+O54 | Q54: =(AVERAGE(IF((P54-O54)<0,-(P54-O54),(P54-O54)),IF((O54-N54)<0,-(O54-N54),(O54-N54)),IF((N54-M54)<0,-(N54-M54),(N54-M54)))*$T54)+P54 | R54: =(AVERAGE(IF((Q54-P54)<0,-(Q54-P54),(Q54-P54)),IF((P54-O54)<0,-(P54-O54),(P54-O54)),IF((O54-N54)<0,-(O54-N54),(O54-N54)))*$T54)+Q54 | S54: =AVERAGE(G54:R54) | T54: 1.5
A55: ='Mapping Prob-Root'!A39 | B55: ='Mapping Prob-Root'!O39 | C55: medium | D55: Timeliness (All) | G55: ='SC4 Data'!G23 | H55: ='SC4 Data'!L23 | I55: ='SC4 Data'!Q23 | J55: ='SC4 Data'!V23 | K55: ='SC4 Data'!AA23 | L55: ='SC4 Data'!AF23 | M55: ='SC4 Data'!AK23 | N55: =(AVERAGE(IF((M55-L55)<0,-(M55-L55),(M55-L55)),IF((L55-K55)<0,-(L55-K55),(L55-K55)),IF((K55-J55)<0,-(K55-J55),(K55-J55)))*$T55)+M55 | O55: =(AVERAGE(IF((N55-M55)<0,-(N55-M55),(N55-M55)),IF((M55-L55)<0,-(M55-L55),(M55-L55)),IF((L55-K55)<0,-(L55-K55),(L55-K55)))*$T55)+N55 | P55: =(AVERAGE(IF((O55-N55)<0,-(O55-N55),(O55-N55)),IF((N55-M55)<0,-(N55-M55),(N55-M55)),IF((M55-L55)<0,-(M55-L55),(M55-L55)))*$T55)+O55 | Q55: =(AVERAGE(IF((P55-O55)<0,-(P55-O55),(P55-O55)),IF((O55-N55)<0,-(O55-N55),(O55-N55)),IF((N55-M55)<0,-(N55-M55),(N55-M55)))*$T55)+P55 | R55: =(AVERAGE(IF((Q55-P55)<0,-(Q55-P55),(Q55-P55)),IF((P55-O55)<0,-(P55-O55),(P55-O55)),IF((O55-N55)<0,-(O55-N55),(O55-N55)))*$T55)+Q55 | S55: =AVERAGE(G55:R55) | T55: 1.8
A56: ='Mapping Prob-Root'!A40 | B56: ='Mapping Prob-Root'!O40 | C56: high | D56: Completeness (Critical) | G56: ='SC4 Data'!F24 | H56: ='SC4 Data'!K24 | I56: ='SC4 Data'!P24 | J56: ='SC4 Data'!U24 | K56: ='SC4 Data'!Z24 | L56: ='SC4 Data'!AE24 | M56: ='SC4 Data'!AJ24 | N56: =(AVERAGE(IF((M56-L56)<0,-(M56-L56),(M56-L56)),IF((L56-K56)<0,-(L56-K56),(L56-K56)),IF((K56-J56)<0,-(K56-J56),(K56-J56)))*$T56)+M56 | O56: =(AVERAGE(IF((N56-M56)<0,-(N56-M56),(N56-M56)),IF((M56-L56)<0,-(M56-L56),(M56-L56)),IF((L56-K56)<0,-(L56-K56),(L56-K56)))*$T56)+N56 | P56: =(AVERAGE(IF((O56-N56)<0,-(O56-N56),(O56-N56)),IF((N56-M56)<0,-(N56-M56),(N56-M56)),IF((M56-L56)<0,-(M56-L56),(M56-L56)))*$T56)+O56 | Q56: =(AVERAGE(IF((P56-O56)<0,-(P56-O56),(P56-O56)),IF((O56-N56)<0,-(O56-N56),(O56-N56)),IF((N56-M56)<0,-(N56-M56),(N56-M56)))*$T56)+P56 | R56: =(AVERAGE(IF((Q56-P56)<0,-(Q56-P56),(Q56-P56)),IF((P56-O56)<0,-(P56-O56),(P56-O56)),IF((O56-N56)<0,-(O56-N56),(O56-N56)))*$T56)+Q56 | S56: =AVERAGE(G56:R56) | T56: 0.1
A57: ='Mapping Prob-Root'!A41 | B57: ='Mapping Prob-Root'!O41 | C57: high | D57: Timeliness (Critical) | G57: ='SC4 Data'!G24 | H57: ='SC4 Data'!L24 | I57: ='SC4 Data'!Q24 | J57: ='SC4 Data'!V24 | K57: ='SC4 Data'!AA24 | L57: ='SC4 Data'!AF24 | M57: ='SC4 Data'!AK24 | N57: =(AVERAGE(IF((M57-L57)<0,-(M57-L57),(M57-L57)),IF((L57-K57)<0,-(L57-K57),(L57-K57)),IF((K57-J57)<0,-(K57-J57),(K57-J57)))*$T57)+M57 | O57: =(AVERAGE(IF((N57-M57)<0,-(N57-M57),(N57-M57)),IF((M57-L57)<0,-(M57-L57),(M57-L57)),IF((L57-K57)<0,-(L57-K57),(L57-K57)))*$T57)+N57 | P57: =(AVERAGE(IF((O57-N57)<0,-(O57-N57),(O57-N57)),IF((N57-M57)<0,-(N57-M57),(N57-M57)),IF((M57-L57)<0,-(M57-L57),(M57-L57)))*$T57)+O57 | Q57: =(AVERAGE(IF((P57-O57)<0,-(P57-O57),(P57-O57)),IF((O57-N57)<0,-(O57-N57),(O57-N57)),IF((N57-M57)<0,-(N57-M57),(N57-M57)))*$T57)+P57 | R57: =(AVERAGE(IF((Q57-P57)<0,-(Q57-P57),(Q57-P57)),IF((P57-O57)<0,-(P57-O57),(P57-O57)),IF((O57-N57)<0,-(O57-N57),(O57-N57)))*$T57)+Q57 | S57: =AVERAGE(G57:R57) | T57: 0.5
A58: ='Mapping Prob-Root'!A42 | B58: ='Mapping Prob-Root'!O42 | C58: high | D58: Completeness (Critical) | G58: ='SC4 Data'!F25 | H58: ='SC4 Data'!K25 | I58: ='SC4 Data'!P25 | J58: ='SC4 Data'!U25 | K58: ='SC4 Data'!Z25 | L58: ='SC4 Data'!AE25 | M58: ='SC4 Data'!AJ25 | N58: =(AVERAGE(IF((M58-L58)<0,-(M58-L58),(M58-L58)),IF((L58-K58)<0,-(L58-K58),(L58-K58)),IF((K58-J58)<0,-(K58-J58),(K58-J58)))*$T58)+M58 | O58: =(AVERAGE(IF((N58-M58)<0,-(N58-M58),(N58-M58)),IF((M58-L58)<0,-(M58-L58),(M58-L58)),IF((L58-K58)<0,-(L58-K58),(L58-K58)))*$T58)+N58 | P58: =(AVERAGE(IF((O58-N58)<0,-(O58-N58),(O58-N58)),IF((N58-M58)<0,-(N58-M58),(N58-M58)),IF((M58-L58)<0,-(M58-L58),(M58-L58)))*$T58)+O58 | Q58: =(AVERAGE(IF((P58-O58)<0,-(P58-O58),(P58-O58)),IF((O58-N58)<0,-(O58-N58),(O58-N58)),IF((N58-M58)<0,-(N58-M58),(N58-M58)))*$T58)+P58 | R58: =(AVERAGE(IF((Q58-P58)<0,-(Q58-P58),(Q58-P58)),IF((P58-O58)<0,-(P58-O58),(P58-O58)),IF((O58-N58)<0,-(O58-N58),(O58-N58)))*$T58)+Q58 | S58: =AVERAGE(G58:R58) | T58: 0.7
A59: ='Mapping Prob-Root'!A43 | B59: ='Mapping Prob-Root'!O43 | C59: high | D59: Timeliness (Critical) | G59: ='SC4 Data'!G25 | H59: ='SC4 Data'!L25 | I59: ='SC4 Data'!Q25 | J59: ='SC4 Data'!V25 | K59: ='SC4 Data'!AA25 | L59: ='SC4 Data'!AF25 | M59: ='SC4 Data'!AK25 | N59: =(AVERAGE(IF((M59-L59)<0,-(M59-L59),(M59-L59)),IF((L59-K59)<0,-(L59-K59),(L59-K59)),IF((K59-J59)<0,-(K59-J59),(K59-J59)))*$T59)+M59 | O59: =(AVERAGE(IF((N59-M59)<0,-(N59-M59),(N59-M59)),IF((M59-L59)<0,-(M59-L59),(M59-L59)),IF((L59-K59)<0,-(L59-K59),(L59-K59)))*$T59)+N59 | P59: =(AVERAGE(IF((O59-N59)<0,-(O59-N59),(O59-N59)),IF((N59-M59)<0,-(N59-M59),(N59-M59)),IF((M59-L59)<0,-(M59-L59),(M59-L59)))*$T59)+O59 | Q59: =(AVERAGE(IF((P59-O59)<0,-(P59-O59),(P59-O59)),IF((O59-N59)<0,-(O59-N59),(O59-N59)),IF((N59-M59)<0,-(N59-M59),(N59-M59)))*$T59)+P59 | R59: =(AVERAGE(IF((Q59-P59)<0,-(Q59-P59),(Q59-P59)),IF((P59-O59)<0,-(P59-O59),(P59-O59)),IF((O59-N59)<0,-(O59-N59),(O59-N59)))*$T59)+Q59 | S59: =AVERAGE(G59:R59) | T59: 1.8
A60: ='Mapping Prob-Root'!A44 | B60: ='Mapping Prob-Root'!O44 | C60: medium | D60: Completeness (All) | G60: ='SC3 Data'!F5 | H60: ='SC3 Data'!K5 | I60: ='SC3 Data'!P5 | J60: ='SC3 Data'!U5 | K60: ='SC3 Data'!Z5 | L60: ='SC3 Data'!AE5 | M60: ='SC3 Data'!AJ5 | N60: =(AVERAGE(IF((M60-L60)<0,-(M60-L60),(M60-L60)),IF((L60-K60)<0,-(L60-K60),(L60-K60)),IF((K60-J60)<0,-(K60-J60),(K60-J60)))*$T60)+M60 | O60: =(AVERAGE(IF((N60-M60)<0,-(N60-M60),(N60-M60)),IF((M60-L60)<0,-(M60-L60),(M60-L60)),IF((L60-K60)<0,-(L60-K60),(L60-K60)))*$T60)+N60 | P60: =(AVERAGE(IF((O60-N60)<0,-(O60-N60),(O60-N60)),IF((N60-M60)<0,-(N60-M60),(N60-M60)),IF((M60-L60)<0,-(M60-L60),(M60-L60)))*$T60)+O60 | Q60: =(AVERAGE(IF((P60-O60)<0,-(P60-O60),(P60-O60)),IF((O60-N60)<0,-(O60-N60),(O60-N60)),IF((N60-M60)<0,-(N60-M60),(N60-M60)))*$T60)+P60 | R60: =(AVERAGE(IF((Q60-P60)<0,-(Q60-P60),(Q60-P60)),IF((P60-O60)<0,-(P60-O60),(P60-O60)),IF((O60-N60)<0,-(O60-N60),(O60-N60)))*$T60)+Q60 | S60: =AVERAGE(G60:R60) | T60: 0.1
A61: ='Mapping Prob-Root'!A45 | B61: ='Mapping Prob-Root'!O45 | C61: medium | D61: Timeliness (All) | G61: ='SC3 Data'!G5 | H61: ='SC3 Data'!L5 | I61: ='SC3 Data'!Q5 | J61: ='SC3 Data'!V5 | K61: ='SC3 Data'!AA5 | L61: ='SC3 Data'!AF5 | M61: ='SC3 Data'!AK5 | N61: =(AVERAGE(IF((M61-L61)<0,-(M61-L61),(M61-L61)),IF((L61-K61)<0,-(L61-K61),(L61-K61)),IF((K61-J61)<0,-(K61-J61),(K61-J61)))*$T61)+M61 | O61: =(AVERAGE(IF((N61-M61)<0,-(N61-M61),(N61-M61)),IF((M61-L61)<0,-(M61-L61),(M61-L61)),IF((L61-K61)<0,-(L61-K61),(L61-K61)))*$T61)+N61 | P61: =(AVERAGE(IF((O61-N61)<0,-(O61-N61),(O61-N61)),IF((N61-M61)<0,-(N61-M61),(N61-M61)),IF((M61-L61)<0,-(M61-L61),(M61-L61)))*$T61)+O61 | Q61: =(AVERAGE(IF((P61-O61)<0,-(P61-O61),(P61-O61)),IF((O61-N61)<0,-(O61-N61),(O61-N61)),IF((N61-M61)<0,-(N61-M61),(N61-M61)))*$T61)+P61 | R61: =(AVERAGE(IF((Q61-P61)<0,-(Q61-P61),(Q61-P61)),IF((P61-O61)<0,-(P61-O61),(P61-O61)),IF((O61-N61)<0,-(O61-N61),(O61-N61)))*$T61)+Q61 | S61: =AVERAGE(G61:R61) | T61: 0.5
A62: ='Mapping Prob-Root'!A46 | B62: ='Mapping Prob-Root'!O46 | C62: medium | D62: Completeness (All) | G62: ='SC3 Data'!F6 | H62: ='SC3 Data'!K6 | I62: ='SC3 Data'!P6 | J62: ='SC3 Data'!U6 | K62: ='SC3 Data'!Z6 | L62: ='SC3 Data'!AE6 | M62: ='SC3 Data'!AJ6 | N62: =(AVERAGE(IF((M62-L62)<0,-(M62-L62),(M62-L62)),IF((L62-K62)<0,-(L62-K62),(L62-K62)),IF((K62-J62)<0,-(K62-J62),(K62-J62)))*$T62)+M62 | O62: =(AVERAGE(IF((N62-M62)<0,-(N62-M62),(N62-M62)),IF((M62-L62)<0,-(M62-L62),(M62-L62)),IF((L62-K62)<0,-(L62-K62),(L62-K62)))*$T62)+N62 | P62: =(AVERAGE(IF((O62-N62)<0,-(O62-N62),(O62-N62)),IF((N62-M62)<0,-(N62-M62),(N62-M62)),IF((M62-L62)<0,-(M62-L62),(M62-L62)))*$T62)+O62 | Q62: =(AVERAGE(IF((P62-O62)<0,-(P62-O62),(P62-O62)),IF((O62-N62)<0,-(O62-N62),(O62-N62)),IF((N62-M62)<0,-(N62-M62),(N62-M62)))*$T62)+P62 | R62: =(AVERAGE(IF((Q62-P62)<0,-(Q62-P62),(Q62-P62)),IF((P62-O62)<0,-(P62-O62),(P62-O62)),IF((O62-N62)<0,-(O62-N62),(O62-N62)))*$T62)+Q62 | S62: =AVERAGE(G62:R62) | T62: 1.6
A63: ='Mapping Prob-Root'!A47 | B63: ='Mapping Prob-Root'!O47 | C63: medium | D63: Timeliness (All) | G63: ='SC3 Data'!G6 | H63: ='SC3 Data'!L6 | I63: ='SC3 Data'!Q6 | J63: ='SC3 Data'!V6 | K63: ='SC3 Data'!AA6 | L63: ='SC3 Data'!AF6 | M63: ='SC3 Data'!AK6 | N63: =(AVERAGE(IF((M63-L63)<0,-(M63-L63),(M63-L63)),IF((L63-K63)<0,-(L63-K63),(L63-K63)),IF((K63-J63)<0,-(K63-J63),(K63-J63)))*$T63)+M63 | O63: =(AVERAGE(IF((N63-M63)<0,-(N63-M63),(N63-M63)),IF((M63-L63)<0,-(M63-L63),(M63-L63)),IF((L63-K63)<0,-(L63-K63),(L63-K63)))*$T63)+N63 | P63: =(AVERAGE(IF((O63-N63)<0,-(O63-N63),(O63-N63)),IF((N63-M63)<0,-(N63-M63),(N63-M63)),IF((M63-L63)<0,-(M63-L63),(M63-L63)))*$T63)+O63 | Q63: =(AVERAGE(IF((P63-O63)<0,-(P63-O63),(P63-O63)),IF((O63-N63)<0,-(O63-N63),(O63-N63)),IF((N63-M63)<0,-(N63-M63),(N63-M63)))*$T63)+P63 | R63: =(AVERAGE(IF((Q63-P63)<0,-(Q63-P63),(Q63-P63)),IF((P63-O63)<0,-(P63-O63),(P63-O63)),IF((O63-N63)<0,-(O63-N63),(O63-N63)))*$T63)+Q63 | S63: =AVERAGE(G63:R63) | T63: 0.9
A64: ='Mapping Prob-Root'!A48 | B64: ='Mapping Prob-Root'!O48 | C64: high | D64: Completeness (Critical) | G64: ='SC3 Data'!F7 | H64: ='SC3 Data'!K7 | I64: ='SC3 Data'!P7 | J64: ='SC3 Data'!U7 | K64: ='SC3 Data'!Z7 | L64: ='SC3 Data'!AE7 | M64: ='SC3 Data'!AJ7 | N64: =(AVERAGE(IF((M64-L64)<0,-(M64-L64),(M64-L64)),IF((L64-K64)<0,-(L64-K64),(L64-K64)),IF((K64-J64)<0,-(K64-J64),(K64-J64)))*$T64)+M64 | O64: =(AVERAGE(IF((N64-M64)<0,-(N64-M64),(N64-M64)),IF((M64-L64)<0,-(M64-L64),(M64-L64)),IF((L64-K64)<0,-(L64-K64),(L64-K64)))*$T64)+N64 | P64: =(AVERAGE(IF((O64-N64)<0,-(O64-N64),(O64-N64)),IF((N64-M64)<0,-(N64-M64),(N64-M64)),IF((M64-L64)<0,-(M64-L64),(M64-L64)))*$T64)+O64 | Q64: =(AVERAGE(IF((P64-O64)<0,-(P64-O64),(P64-O64)),IF((O64-N64)<0,-(O64-N64),(O64-N64)),IF((N64-M64)<0,-(N64-M64),(N64-M64)))*$T64)+P64 | R64: =(AVERAGE(IF((Q64-P64)<0,-(Q64-P64),(Q64-P64)),IF((P64-O64)<0,-(P64-O64),(P64-O64)),IF((O64-N64)<0,-(O64-N64),(O64-N64)))*$T64)+Q64 | S64: =AVERAGE(G64:R64) | T64: 1.2
A65: ='Mapping Prob-Root'!A49 | B65: ='Mapping Prob-Root'!O49 | C65: high | D65: Timeliness (Critical) | G65: ='SC3 Data'!G7 | H65: ='SC3 Data'!L7 | I65: ='SC3 Data'!Q7 | J65: ='SC3 Data'!V7 | K65: ='SC3 Data'!AA7 | L65: ='SC3 Data'!AF7 | M65: ='SC3 Data'!AK7 | N65: =(AVERAGE(IF((M65-L65)<0,-(M65-L65),(M65-L65)),IF((L65-K65)<0,-(L65-K65),(L65-K65)),IF((K65-J65)<0,-(K65-J65),(K65-J65)))*$T65)+M65 | O65: =(AVERAGE(IF((N65-M65)<0,-(N65-M65),(N65-M65)),IF((M65-L65)<0,-(M65-L65),(M65-L65)),IF((L65-K65)<0,-(L65-K65),(L65-K65)))*$T65)+N65 | P65: =(AVERAGE(IF((O65-N65)<0,-(O65-N65),(O65-N65)),IF((N65-M65)<0,-(N65-M65),(N65-M65)),IF((M65-L65)<0,-(M65-L65),(M65-L65)))*$T65)+O65 | Q65: =(AVERAGE(IF((P65-O65)<0,-(P65-O65),(P65-O65)),IF((O65-N65)<0,-(O65-N65),(O65-N65)),IF((N65-M65)<0,-(N65-M65),(N65-M65)))*$T65)+P65 | R65: =(AVERAGE(IF((Q65-P65)<0,-(Q65-P65),(Q65-P65)),IF((P65-O65)<0,-(P65-O65),(P65-O65)),IF((O65-N65)<0,-(O65-N65),(O65-N65)))*$T65)+Q65 | S65: =AVERAGE(G65:R65) | T65: 1.4
A66: ='Mapping Prob-Root'!A50 | B66: ='Mapping Prob-Root'!O50 | C66: high | D66: Completeness (Critical) | G66: ='SC3 Data'!F8 | H66: ='SC3 Data'!K8 | I66: ='SC3 Data'!P8 | J66: ='SC3 Data'!U8 | K66: ='SC3 Data'!Z8 | L66: ='SC3 Data'!AE8 | M66: ='SC3 Data'!AJ8 | N66: =(AVERAGE(IF((M66-L66)<0,-(M66-L66),(M66-L66)),IF((L66-K66)<0,-(L66-K66),(L66-K66)),IF((K66-J66)<0,-(K66-J66),(K66-J66)))*$T66)+M66 | O66: =(AVERAGE(IF((N66-M66)<0,-(N66-M66),(N66-M66)),IF((M66-L66)<0,-(M66-L66),(M66-L66)),IF((L66-K66)<0,-(L66-K66),(L66-K66)))*$T66)+N66 | P66: =(AVERAGE(IF((O66-N66)<0,-(O66-N66),(O66-N66)),IF((N66-M66)<0,-(N66-M66),(N66-M66)),IF((M66-L66)<0,-(M66-L66),(M66-L66)))*$T66)+O66 | Q66: =(AVERAGE(IF((P66-O66)<0,-(P66-O66),(P66-O66)),IF((O66-N66)<0,-(O66-N66),(O66-N66)),IF((N66-M66)<0,-(N66-M66),(N66-M66)))*$T66)+P66 | R66: =(AVERAGE(IF((Q66-P66)<0,-(Q66-P66),(Q66-P66)),IF((P66-O66)<0,-(P66-O66),(P66-O66)),IF((O66-N66)<0,-(O66-N66),(O66-N66)))*$T66)+Q66 | S66: =AVERAGE(G66:R66) | T66: 1.1
A67: ='Mapping Prob-Root'!A51 | B67: ='Mapping Prob-Root'!O51 | C67: high | D67: Timeliness (Critical) | G67: ='SC3 Data'!G8 | H67: ='SC3 Data'!L8 | I67: ='SC3 Data'!Q8 | J67: ='SC3 Data'!V8 | K67: ='SC3 Data'!AA8 | L67: ='SC3 Data'!AF8 | M67: ='SC3 Data'!AK8 | S67: =AVERAGE(G67:R67) | T67: 1.1
A68: ='Mapping Prob-Root'!A52 | B68: ='Mapping Prob-Root'!O52 | C68: medium | D68: Completeness (All) | G68: ='SC3 Data'!F9 | H68: ='SC3 Data'!K9 | I68: ='SC3 Data'!P9 | J68: ='SC3 Data'!U9 | K68: ='SC3 Data'!Z9 | L68: ='SC3 Data'!AE9 | M68: ='SC3 Data'!AJ9 | N68: =(AVERAGE(IF((M68-L68)<0,-(M68-L68),(M68-L68)),IF((L68-K68)<0,-(L68-K68),(L68-K68)),IF((K68-J68)<0,-(K68-J68),(K68-J68)))*$T68)+M68 | O68: =(AVERAGE(IF((N68-M68)<0,-(N68-M68),(N68-M68)),IF((M68-L68)<0,-(M68-L68),(M68-L68)),IF((L68-K68)<0,-(L68-K68),(L68-K68)))*$T68)+N68 | P68: =(AVERAGE(IF((O68-N68)<0,-(O68-N68),(O68-N68)),IF((N68-M68)<0,-(N68-M68),(N68-M68)),IF((M68-L68)<0,-(M68-L68),(M68-L68)))*$T68)+O68 | Q68: =(AVERAGE(IF((P68-O68)<0,-(P68-O68),(P68-O68)),IF((O68-N68)<0,-(O68-N68),(O68-N68)),IF((N68-M68)<0,-(N68-M68),(N68-M68)))*$T68)+P68 | R68: =(AVERAGE(IF((Q68-P68)<0,-(Q68-P68),(Q68-P68)),IF((P68-O68)<0,-(P68-O68),(P68-O68)),IF((O68-N68)<0,-(O68-N68),(O68-N68)))*$T68)+Q68 | S68: =AVERAGE(G68:R68) | T68: 0.7
A69: ='Mapping Prob-Root'!A53 | B69: ='Mapping Prob-Root'!O53 | C69: medium | D69: Timeliness (All) | G69: ='SC3 Data'!G9 | H69: ='SC3 Data'!L9 | I69: ='SC3 Data'!Q9 | J69: ='SC3 Data'!V9 | K69: ='SC3 Data'!AA9 | L69: ='SC3 Data'!AF9 | M69: ='SC3 Data'!AK9 | N69: =(AVERAGE(IF((M69-L69)<0,-(M69-L69),(M69-L69)),IF((L69-K69)<0,-(L69-K69),(L69-K69)),IF((K69-J69)<0,-(K69-J69),(K69-J69)))*$T69)+M69 | O69: =(AVERAGE(IF((N69-M69)<0,-(N69-M69),(N69-M69)),IF((M69-L69)<0,-(M69-L69),(M69-L69)),IF((L69-K69)<0,-(L69-K69),(L69-K69)))*$T69)+N69 | P69: =(AVERAGE(IF((O69-N69)<0,-(O69-N69),(O69-N69)),IF((N69-M69)<0,-(N69-M69),(N69-M69)),IF((M69-L69)<0,-(M69-L69),(M69-L69)))*$T69)+O69 | Q69: =(AVERAGE(IF((P69-O69)<0,-(P69-O69),(P69-O69)),IF((O69-N69)<0,-(O69-N69),(O69-N69)),IF((N69-M69)<0,-(N69-M69),(N69-M69)))*$T69)+P69 | R69: =(AVERAGE(IF((Q69-P69)<0,-(Q69-P69),(Q69-P69)),IF((P69-O69)<0,-(P69-O69),(P69-O69)),IF((O69-N69)<0,-(O69-N69),(O69-N69)))*$T69)+Q69 | S69: =AVERAGE(G69:R69) | T69: 0.7
A70: ='Mapping Prob-Root'!A54 | B70: ='Mapping Prob-Root'!O54 | C70: medium | D70: Completeness (All) | G70: ='SC3 Data'!F10 | H70: ='SC3 Data'!K10 | I70: ='SC3 Data'!P10 | J70: ='SC3 Data'!U10 | K70: ='SC3 Data'!Z10 | L70: ='SC3 Data'!AE10 | M70: ='SC3 Data'!AJ10 | N70: =(AVERAGE(IF((M70-L70)<0,-(M70-L70),(M70-L70)),IF((L70-K70)<0,-(L70-K70),(L70-K70)),IF((K70-J70)<0,-(K70-J70),(K70-J70)))*$T70)+M70 | O70: =(AVERAGE(IF((N70-M70)<0,-(N70-M70),(N70-M70)),IF((M70-L70)<0,-(M70-L70),(M70-L70)),IF((L70-K70)<0,-(L70-K70),(L70-K70)))*$T70)+N70 | P70: =(AVERAGE(IF((O70-N70)<0,-(O70-N70),(O70-N70)),IF((N70-M70)<0,-(N70-M70),(N70-M70)),IF((M70-L70)<0,-(M70-L70),(M70-L70)))*$T70)+O70 | Q70: =(AVERAGE(IF((P70-O70)<0,-(P70-O70),(P70-O70)),IF((O70-N70)<0,-(O70-N70),(O70-N70)),IF((N70-M70)<0,-(N70-M70),(N70-M70)))*$T70)+P70 | R70: =(AVERAGE(IF((Q70-P70)<0,-(Q70-P70),(Q70-P70)),IF((P70-O70)<0,-(P70-O70),(P70-O70)),IF((O70-N70)<0,-(O70-N70),(O70-N70)))*$T70)+Q70 | S70: =AVERAGE(G70:R70) | T70: 0.9
A71: ='Mapping Prob-Root'!A55 | B71: ='Mapping Prob-Root'!O55 | C71: medium | D71: Timeliness (All) | G71: ='SC3 Data'!G10 | H71: ='SC3 Data'!L10 | I71: ='SC3 Data'!Q10 | J71: ='SC3 Data'!V10 | K71: ='SC3 Data'!AA10 | L71: ='SC3 Data'!AF10 | M71: ='SC3 Data'!AK10 | N71: =(AVERAGE(IF((M71-L71)<0,-(M71-L71),(M71-L71)),IF((L71-K71)<0,-(L71-K71),(L71-K71)),IF((K71-J71)<0,-(K71-J71),(K71-J71)))*$T71)+M71 | O71: =(AVERAGE(IF((N71-M71)<0,-(N71-M71),(N71-M71)),IF((M71-L71)<0,-(M71-L71),(M71-L71)),IF((L71-K71)<0,-(L71-K71),(L71-K71)))*$T71)+N71 | P71: =(AVERAGE(IF((O71-N71)<0,-(O71-N71),(O71-N71)),IF((N71-M71)<0,-(N71-M71),(N71-M71)),IF((M71-L71)<0,-(M71-L71),(M71-L71)))*$T71)+O71 | Q71: =(AVERAGE(IF((P71-O71)<0,-(P71-O71),(P71-O71)),IF((O71-N71)<0,-(O71-N71),(O71-N71)),IF((N71-M71)<0,-(N71-M71),(N71-M71)))*$T71)+P71 | R71: =(AVERAGE(IF((Q71-P71)<0,-(Q71-P71),(Q71-P71)),IF((P71-O71)<0,-(P71-O71),(P71-O71)),IF((O71-N71)<0,-(O71-N71),(O71-N71)))*$T71)+Q71 | S71: =AVERAGE(G71:R71) | T71: 0.7
A72: ='Mapping Prob-Root'!A56 | B72: ='Mapping Prob-Root'!O56 | C72: medium | D72: Completeness (All) | G72: ='SC3 Data'!F11 | H72: ='SC3 Data'!K11 | I72: ='SC3 Data'!P11 | J72: ='SC3 Data'!U11 | K72: ='SC3 Data'!Z11 | L72: ='SC3 Data'!AE11 | M72: ='SC3 Data'!AJ11 | N72: =(AVERAGE(IF((M72-L72)<0,-(M72-L72),(M72-L72)),IF((L72-K72)<0,-(L72-K72),(L72-K72)),IF((K72-J72)<0,-(K72-J72),(K72-J72)))*$T72)+M72 | O72: =(AVERAGE(IF((N72-M72)<0,-(N72-M72),(N72-M72)),IF((M72-L72)<0,-(M72-L72),(M72-L72)),IF((L72-K72)<0,-(L72-K72),(L72-K72)))*$T72)+N72 | P72: =(AVERAGE(IF((O72-N72)<0,-(O72-N72),(O72-N72)),IF((N72-M72)<0,-(N72-M72),(N72-M72)),IF((M72-L72)<0,-(M72-L72),(M72-L72)))*$T72)+O72 | Q72: =(AVERAGE(IF((P72-O72)<0,-(P72-O72),(P72-O72)),IF((O72-N72)<0,-(O72-N72),(O72-N72)),IF((N72-M72)<0,-(N72-M72),(N72-M72)))*$T72)+P72 | R72: =(AVERAGE(IF((Q72-P72)<0,-(Q72-P72),(Q72-P72)),IF((P72-O72)<0,-(P72-O72),(P72-O72)),IF((O72-N72)<0,-(O72-N72),(O72-N72)))*$T72)+Q72 | S72: =AVERAGE(G72:R72) | T72: 0.8
A73: ='Mapping Prob-Root'!A57 | B73: ='Mapping Prob-Root'!O57 | C73: medium | D73: Timeliness (All) | G73: ='SC3 Data'!G11 | H73: ='SC3 Data'!L11 | I73: ='SC3 Data'!Q11 | J73: ='SC3 Data'!V11 | K73: ='SC3 Data'!AA11 | L73: ='SC3 Data'!AF11 | M73: ='SC3 Data'!AK11 | N73: =(AVERAGE(IF((M73-L73)<0,-(M73-L73),(M73-L73)),IF((L73-K73)<0,-(L73-K73),(L73-K73)),IF((K73-J73)<0,-(K73-J73),(K73-J73)))*$T73)+M73 | O73: =(AVERAGE(IF((N73-M73)<0,-(N73-M73),(N73-M73)),IF((M73-L73)<0,-(M73-L73),(M73-L73)),IF((L73-K73)<0,-(L73-K73),(L73-K73)))*$T73)+N73 | P73: =(AVERAGE(IF((O73-N73)<0,-(O73-N73),(O73-N73)),IF((N73-M73)<0,-(N73-M73),(N73-M73)),IF((M73-L73)<0,-(M73-L73),(M73-L73)))*$T73)+O73 | Q73: =(AVERAGE(IF((P73-O73)<0,-(P73-O73),(P73-O73)),IF((O73-N73)<0,-(O73-N73),(O73-N73)),IF((N73-M73)<0,-(N73-M73),(N73-M73)))*$T73)+P73 | R73: =(AVERAGE(IF((Q73-P73)<0,-(Q73-P73),(Q73-P73)),IF((P73-O73)<0,-(P73-O73),(P73-O73)),IF((O73-N73)<0,-(O73-N73),(O73-N73)))*$T73)+Q73 | S73: =AVERAGE(G73:R73) | T73: 0.6
A74: ='Mapping Prob-Root'!A58 | B74: ='Mapping Prob-Root'!O58 | C74: high | D74: Completeness (Critical) | G74: ='SC3 Data'!F12 | H74: ='SC3 Data'!K12 | I74: ='SC3 Data'!P12 | J74: ='SC3 Data'!U12 | K74: ='SC3 Data'!Z12 | L74: ='SC3 Data'!AE12 | M74: ='SC3 Data'!AJ12 | N74: =(AVERAGE(IF((M74-L74)<0,-(M74-L74),(M74-L74)),IF((L74-K74)<0,-(L74-K74),(L74-K74)),IF((K74-J74)<0,-(K74-J74),(K74-J74)))*$T74)+M74 | O74: =(AVERAGE(IF((N74-M74)<0,-(N74-M74),(N74-M74)),IF((M74-L74)<0,-(M74-L74),(M74-L74)),IF((L74-K74)<0,-(L74-K74),(L74-K74)))*$T74)+N74 | P74: =(AVERAGE(IF((O74-N74)<0,-(O74-N74),(O74-N74)),IF((N74-M74)<0,-(N74-M74),(N74-M74)),IF((M74-L74)<0,-(M74-L74),(M74-L74)))*$T74)+O74 | Q74: =(AVERAGE(IF((P74-O74)<0,-(P74-O74),(P74-O74)),IF((O74-N74)<0,-(O74-N74),(O74-N74)),IF((N74-M74)<0,-(N74-M74),(N74-M74)))*$T74)+P74 | R74: =(AVERAGE(IF((Q74-P74)<0,-(Q74-P74),(Q74-P74)),IF((P74-O74)<0,-(P74-O74),(P74-O74)),IF((O74-N74)<0,-(O74-N74),(O74-N74)))*$T74)+Q74 | S74: =AVERAGE(G74:R74) | T74: 0.7
A75: ='Mapping Prob-Root'!A59 | B75: ='Mapping Prob-Root'!O59 | C75: high | D75: Timeliness (Critical) | G75: ='SC3 Data'!G12 | H75: ='SC3 Data'!L12 | I75: ='SC3 Data'!Q12 | J75: ='SC3 Data'!V12 | K75: ='SC3 Data'!AA12 | L75: ='SC3 Data'!AF12 | M75: ='SC3 Data'!AK12 | N75: =(AVERAGE(IF((M75-L75)<0,-(M75-L75),(M75-L75)),IF((L75-K75)<0,-(L75-K75),(L75-K75)),IF((K75-J75)<0,-(K75-J75),(K75-J75)))*$T75)+M75 | O75: =(AVERAGE(IF((N75-M75)<0,-(N75-M75),(N75-M75)),IF((M75-L75)<0,-(M75-L75),(M75-L75)),IF((L75-K75)<0,-(L75-K75),(L75-K75)))*$T75)+N75 | P75: =(AVERAGE(IF((O75-N75)<0,-(O75-N75),(O75-N75)),IF((N75-M75)<0,-(N75-M75),(N75-M75)),IF((M75-L75)<0,-(M75-L75),(M75-L75)))*$T75)+O75 | Q75: =(AVERAGE(IF((P75-O75)<0,-(P75-O75),(P75-O75)),IF((O75-N75)<0,-(O75-N75),(O75-N75)),IF((N75-M75)<0,-(N75-M75),(N75-M75)))*$T75)+P75 | R75: =(AVERAGE(IF((Q75-P75)<0,-(Q75-P75),(Q75-P75)),IF((P75-O75)<0,-(P75-O75),(P75-O75)),IF((O75-N75)<0,-(O75-N75),(O75-N75)))*$T75)+Q75 | S75: =AVERAGE(G75:R75) | T75: 0.2
A76: ='Mapping Prob-Root'!A60 | B76: ='Mapping Prob-Root'!O60 | C76: high | D76: Completeness (Critical) | G76: ='SC3 Data'!F13 | H76: ='SC3 Data'!K13 | I76: ='SC3 Data'!P13 | J76: ='SC3 Data'!U13 | K76: ='SC3 Data'!Z13 | L76: ='SC3 Data'!AE13 | M76: ='SC3 Data'!AJ13 | N76: =(AVERAGE(IF((M76-L76)<0,-(M76-L76),(M76-L76)),IF((L76-K76)<0,-(L76-K76),(L76-K76)),IF((K76-J76)<0,-(K76-J76),(K76-J76)))*$T76)+M76 | O76: =(AVERAGE(IF((N76-M76)<0,-(N76-M76),(N76-M76)),IF((M76-L76)<0,-(M76-L76),(M76-L76)),IF((L76-K76)<0,-(L76-K76),(L76-K76)))*$T76)+N76 | P76: =(AVERAGE(IF((O76-N76)<0,-(O76-N76),(O76-N76)),IF((N76-M76)<0,-(N76-M76),(N76-M76)),IF((M76-L76)<0,-(M76-L76),(M76-L76)))*$T76)+O76 | Q76: =(AVERAGE(IF((P76-O76)<0,-(P76-O76),(P76-O76)),IF((O76-N76)<0,-(O76-N76),(O76-N76)),IF((N76-M76)<0,-(N76-M76),(N76-M76)))*$T76)+P76 | R76: =(AVERAGE(IF((Q76-P76)<0,-(Q76-P76),(Q76-P76)),IF((P76-O76)<0,-(P76-O76),(P76-O76)),IF((O76-N76)<0,-(O76-N76),(O76-N76)))*$T76)+Q76 | S76: =AVERAGE(G76:R76) | T76: 0.7
A77: ='Mapping Prob-Root'!A61 | B77: ='Mapping Prob-Root'!O61 | C77: high | D77: Timeliness (Critical) | G77: ='SC3 Data'!G13 | H77: ='SC3 Data'!L13 | I77: ='SC3 Data'!Q13 | J77: ='SC3 Data'!V13 | K77: ='SC3 Data'!AA13 | L77: ='SC3 Data'!AF13 | M77: ='SC3 Data'!AK13 | N77: =(AVERAGE(IF((M77-L77)<0,-(M77-L77),(M77-L77)),IF((L77-K77)<0,-(L77-K77),(L77-K77)),IF((K77-J77)<0,-(K77-J77),(K77-J77)))*$T77)+M77 | O77: =(AVERAGE(IF((N77-M77)<0,-(N77-M77),(N77-M77)),IF((M77-L77)<0,-(M77-L77),(M77-L77)),IF((L77-K77)<0,-(L77-K77),(L77-K77)))*$T77)+N77 | P77: =(AVERAGE(IF((O77-N77)<0,-(O77-N77),(O77-N77)),IF((N77-M77)<0,-(N77-M77),(N77-M77)),IF((M77-L77)<0,-(M77-L77),(M77-L77)))*$T77)+O77 | Q77: =(AVERAGE(IF((P77-O77)<0,-(P77-O77),(P77-O77)),IF((O77-N77)<0,-(O77-N77),(O77-N77)),IF((N77-M77)<0,-(N77-M77),(N77-M77)))*$T77)+P77 | R77: =(AVERAGE(IF((Q77-P77)<0,-(Q77-P77),(Q77-P77)),IF((P77-O77)<0,-(P77-O77),(P77-O77)),IF((O77-N77)<0,-(O77-N77),(O77-N77)))*$T77)+Q77 | S77: =AVERAGE(G77:R77) | T77: 0.2
A78: ='Mapping Prob-Root'!A62 | B78: ='Mapping Prob-Root'!O62 | C78: high | D78: Completeness (Critical) | G78: ='SC3 Data'!F14 | H78: ='SC3 Data'!K14 | I78: ='SC3 Data'!P14 | J78: ='SC3 Data'!U14 | K78: ='SC3 Data'!Z14 | L78: ='SC3 Data'!AE14 | M78: ='SC3 Data'!AJ14 | N78: =(AVERAGE(IF((M78-L78)<0,-(M78-L78),(M78-L78)),IF((L78-K78)<0,-(L78-K78),(L78-K78)),IF((K78-J78)<0,-(K78-J78),(K78-J78)))*$T78)+M78 | O78: =(AVERAGE(IF((N78-M78)<0,-(N78-M78),(N78-M78)),IF((M78-L78)<0,-(M78-L78),(M78-L78)),IF((L78-K78)<0,-(L78-K78),(L78-K78)))*$T78)+N78 | P78: =(AVERAGE(IF((O78-N78)<0,-(O78-N78),(O78-N78)),IF((N78-M78)<0,-(N78-M78),(N78-M78)),IF((M78-L78)<0,-(M78-L78),(M78-L78)))*$T78)+O78 | Q78: =(AVERAGE(IF((P78-O78)<0,-(P78-O78),(P78-O78)),IF((O78-N78)<0,-(O78-N78),(O78-N78)),IF((N78-M78)<0,-(N78-M78),(N78-M78)))*$T78)+P78 | R78: =(AVERAGE(IF((Q78-P78)<0,-(Q78-P78),(Q78-P78)),IF((P78-O78)<0,-(P78-O78),(P78-O78)),IF((O78-N78)<0,-(O78-N78),(O78-N78)))*$T78)+Q78 | S78: =AVERAGE(G78:R78) | T78: 0.6
A79: ='Mapping Prob-Root'!A63 | B79: ='Mapping Prob-Root'!O63 | C79: high | D79: Timeliness (Critical) | G79: ='SC3 Data'!G14 | H79: ='SC3 Data'!L14 | I79: ='SC3 Data'!Q14 | J79: ='SC3 Data'!V14 | K79: ='SC3 Data'!AA14 | L79: ='SC3 Data'!AF14 | M79: ='SC3 Data'!AK14 | N79: =(AVERAGE(IF((M79-L79)<0,-(M79-L79),(M79-L79)),IF((L79-K79)<0,-(L79-K79),(L79-K79)),IF((K79-J79)<0,-(K79-J79),(K79-J79)))*$T79)+M79 | O79: =(AVERAGE(IF((N79-M79)<0,-(N79-M79),(N79-M79)),IF((M79-L79)<0,-(M79-L79),(M79-L79)),IF((L79-K79)<0,-(L79-K79),(L79-K79)))*$T79)+N79 | P79: =(AVERAGE(IF((O79-N79)<0,-(O79-N79),(O79-N79)),IF((N79-M79)<0,-(N79-M79),(N79-M79)),IF((M79-L79)<0,-(M79-L79),(M79-L79)))*$T79)+O79 | Q79: =(AVERAGE(IF((P79-O79)<0,-(P79-O79),(P79-O79)),IF((O79-N79)<0,-(O79-N79),(O79-N79)),IF((N79-M79)<0,-(N79-M79),(N79-M79)))*$T79)+P79 | R79: =(AVERAGE(IF((Q79-P79)<0,-(Q79-P79),(Q79-P79)),IF((P79-O79)<0,-(P79-O79),(P79-O79)),IF((O79-N79)<0,-(O79-N79),(O79-N79)))*$T79)+Q79 | S79: =AVERAGE(G79:R79) | T79: 0.1
A80: ='Mapping Prob-Root'!A64 | B80: ='Mapping Prob-Root'!O64 | C80: high | D80: Completeness (Critical) | G80: ='SC3 Data'!F15 | H80: ='SC3 Data'!K15 | I80: ='SC3 Data'!P15 | J80: ='SC3 Data'!U15 | K80: ='SC3 Data'!Z15 | L80: ='SC3 Data'!AE15 | M80: ='SC3 Data'!AJ15 | N80: =(AVERAGE(IF((M80-L80)<0,-(M80-L80),(M80-L80)),IF((L80-K80)<0,-(L80-K80),(L80-K80)),IF((K80-J80)<0,-(K80-J80),(K80-J80)))*$T80)+M80 | O80: =(AVERAGE(IF((N80-M80)<0,-(N80-M80),(N80-M80)),IF((M80-L80)<0,-(M80-L80),(M80-L80)),IF((L80-K80)<0,-(L80-K80),(L80-K80)))*$T80)+N80 | P80: =(AVERAGE(IF((O80-N80)<0,-(O80-N80),(O80-N80)),IF((N80-M80)<0,-(N80-M80),(N80-M80)),IF((M80-L80)<0,-(M80-L80),(M80-L80)))*$T80)+O80 | Q80: =(AVERAGE(IF((P80-O80)<0,-(P80-O80),(P80-O80)),IF((O80-N80)<0,-(O80-N80),(O80-N80)),IF((N80-M80)<0,-(N80-M80),(N80-M80)))*$T80)+P80 | R80: =(AVERAGE(IF((Q80-P80)<0,-(Q80-P80),(Q80-P80)),IF((P80-O80)<0,-(P80-O80),(P80-O80)),IF((O80-N80)<0,-(O80-N80),(O80-N80)))*$T80)+Q80 | S80: =AVERAGE(G80:R80) | T80: 0.6
A81: ='Mapping Prob-Root'!A65 | B81: ='Mapping Prob-Root'!O65 | C81: high | D81: Timeliness (Critical) | G81: ='SC3 Data'!G15 | H81: ='SC3 Data'!L15 | I81: ='SC3 Data'!Q15 | J81: ='SC3 Data'!V15 | K81: ='SC3 Data'!AA15 | L81: ='SC3 Data'!AF15 | M81: ='SC3 Data'!AK15 | N81: =(AVERAGE(IF((M81-L81)<0,-(M81-L81),(M81-L81)),IF((L81-K81)<0,-(L81-K81),(L81-K81)),IF((K81-J81)<0,-(K81-J81),(K81-J81)))*$T81)+M81 | O81: =(AVERAGE(IF((N81-M81)<0,-(N81-M81),(N81-M81)),IF((M81-L81)<0,-(M81-L81),(M81-L81)),IF((L81-K81)<0,-(L81-K81),(L81-K81)))*$T81)+N81 | P81: =(AVERAGE(IF((O81-N81)<0,-(O81-N81),(O81-N81)),IF((N81-M81)<0,-(N81-M81),(N81-M81)),IF((M81-L81)<0,-(M81-L81),(M81-L81)))*$T81)+O81 | Q81: =(AVERAGE(IF((P81-O81)<0,-(P81-O81),(P81-O81)),IF((O81-N81)<0,-(O81-N81),(O81-N81)),IF((N81-M81)<0,-(N81-M81),(N81-M81)))*$T81)+P81 | R81: =(AVERAGE(IF((Q81-P81)<0,-(Q81-P81),(Q81-P81)),IF((P81-O81)<0,-(P81-O81),(P81-O81)),IF((O81-N81)<0,-(O81-N81),(O81-N81)))*$T81)+Q81 | S81: =AVERAGE(G81:R81) | T81: 0.2
A82: ='Mapping Prob-Root'!A66 | B82: ='Mapping Prob-Root'!O66 | C82: medium | D82: Completeness (All) | G82: ='SC3 Data'!F16 | H82: ='SC3 Data'!K16 | I82: ='SC3 Data'!P16 | J82: ='SC3 Data'!U16 | K82: ='SC3 Data'!Z16 | L82: ='SC3 Data'!AE16 | M82: ='SC3 Data'!AJ16 | N82: =(AVERAGE(IF((M82-L82)<0,-(M82-L82),(M82-L82)),IF((L82-K82)<0,-(L82-K82),(L82-K82)),IF((K82-J82)<0,-(K82-J82),(K82-J82)))*$T82)+M82 | O82: =(AVERAGE(IF((N82-M82)<0,-(N82-M82),(N82-M82)),IF((M82-L82)<0,-(M82-L82),(M82-L82)),IF((L82-K82)<0,-(L82-K82),(L82-K82)))*$T82)+N82 | P82: =(AVERAGE(IF((O82-N82)<0,-(O82-N82),(O82-N82)),IF((N82-M82)<0,-(N82-M82),(N82-M82)),IF((M82-L82)<0,-(M82-L82),(M82-L82)))*$T82)+O82 | Q82: =(AVERAGE(IF((P82-O82)<0,-(P82-O82),(P82-O82)),IF((O82-N82)<0,-(O82-N82),(O82-N82)),IF((N82-M82)<0,-(N82-M82),(N82-M82)))*$T82)+P82 | R82: =(AVERAGE(IF((Q82-P82)<0,-(Q82-P82),(Q82-P82)),IF((P82-O82)<0,-(P82-O82),(P82-O82)),IF((O82-N82)<0,-(O82-N82),(O82-N82)))*$T82)+Q82 | S82: =AVERAGE(G82:R82) | T82: 1.6
A83: ='Mapping Prob-Root'!A67 | B83: ='Mapping Prob-Root'!O67 | C83: medium | D83: Timeliness (All) | G83: ='SC3 Data'!G16 | H83: ='SC3 Data'!L16 | I83: ='SC3 Data'!Q16 | J83: ='SC3 Data'!V16 | K83: ='SC3 Data'!AA16 | L83: ='SC3 Data'!AF16 | M83: ='SC3 Data'!AK16 | N83: =(AVERAGE(IF((M83-L83)<0,-(M83-L83),(M83-L83)),IF((L83-K83)<0,-(L83-K83),(L83-K83)),IF((K83-J83)<0,-(K83-J83),(K83-J83)))*$T83)+M83 | O83: =(AVERAGE(IF((N83-M83)<0,-(N83-M83),(N83-M83)),IF((M83-L83)<0,-(M83-L83),(M83-L83)),IF((L83-K83)<0,-(L83-K83),(L83-K83)))*$T83)+N83 | P83: =(AVERAGE(IF((O83-N83)<0,-(O83-N83),(O83-N83)),IF((N83-M83)<0,-(N83-M83),(N83-M83)),IF((M83-L83)<0,-(M83-L83),(M83-L83)))*$T83)+O83 | Q83: =(AVERAGE(IF((P83-O83)<0,-(P83-O83),(P83-O83)),IF((O83-N83)<0,-(O83-N83),(O83-N83)),IF((N83-M83)<0,-(N83-M83),(N83-M83)))*$T83)+P83 | R83: =(AVERAGE(IF((Q83-P83)<0,-(Q83-P83),(Q83-P83)),IF((P83-O83)<0,-(P83-O83),(P83-O83)),IF((O83-N83)<0,-(O83-N83),(O83-N83)))*$T83)+Q83 | S83: =AVERAGE(G83:R83) | T83: 1.9
A84: ='Mapping Prob-Root'!A68 | B84: ='Mapping Prob-Root'!O68 | C84: medium | D84: Completeness (All) | G84: ='SC3 Data'!F17 | H84: ='SC3 Data'!K17 | I84: ='SC3 Data'!P17 | J84: ='SC3 Data'!U17 | K84: ='SC3 Data'!Z17 | L84: ='SC3 Data'!AE17 | M84: ='SC3 Data'!AJ17 | N84: =(AVERAGE(IF((M84-L84)<0,-(M84-L84),(M84-L84)),IF((L84-K84)<0,-(L84-K84),(L84-K84)),IF((K84-J84)<0,-(K84-J84),(K84-J84)))*$T84)+M84 | O84: =(AVERAGE(IF((N84-M84)<0,-(N84-M84),(N84-M84)),IF((M84-L84)<0,-(M84-L84),(M84-L84)),IF((L84-K84)<0,-(L84-K84),(L84-K84)))*$T84)+N84 | P84: =(AVERAGE(IF((O84-N84)<0,-(O84-N84),(O84-N84)),IF((N84-M84)<0,-(N84-M84),(N84-M84)),IF((M84-L84)<0,-(M84-L84),(M84-L84)))*$T84)+O84 | Q84: =(AVERAGE(IF((P84-O84)<0,-(P84-O84),(P84-O84)),IF((O84-N84)<0,-(O84-N84),(O84-N84)),IF((N84-M84)<0,-(N84-M84),(N84-M84)))*$T84)+P84 | R84: =(AVERAGE(IF((Q84-P84)<0,-(Q84-P84),(Q84-P84)),IF((P84-O84)<0,-(P84-O84),(P84-O84)),IF((O84-N84)<0,-(O84-N84),(O84-N84)))*$T84)+Q84 | S84: =AVERAGE(G84:R84) | T84: 1.3
A85: ='Mapping Prob-Root'!A69 | B85: ='Mapping Prob-Root'!O69 | C85: medium | D85: Timeliness (All) | G85: ='SC3 Data'!G17 | H85: ='SC3 Data'!L17 | I85: ='SC3 Data'!Q17 | J85: ='SC3 Data'!V17 | K85: ='SC3 Data'!AA17 | L85: ='SC3 Data'!AF17 | M85: ='SC3 Data'!AK17 | N85: =(AVERAGE(IF((M85-L85)<0,-(M85-L85),(M85-L85)),IF((L85-K85)<0,-(L85-K85),(L85-K85)),IF((K85-J85)<0,-(K85-J85),(K85-J85)))*$T85)+M85 | O85: =(AVERAGE(IF((N85-M85)<0,-(N85-M85),(N85-M85)),IF((M85-L85)<0,-(M85-L85),(M85-L85)),IF((L85-K85)<0,-(L85-K85),(L85-K85)))*$T85)+N85 | P85: =(AVERAGE(IF((O85-N85)<0,-(O85-N85),(O85-N85)),IF((N85-M85)<0,-(N85-M85),(N85-M85)),IF((M85-L85)<0,-(M85-L85),(M85-L85)))*$T85)+O85 | Q85: =(AVERAGE(IF((P85-O85)<0,-(P85-O85),(P85-O85)),IF((O85-N85)<0,-(O85-N85),(O85-N85)),IF((N85-M85)<0,-(N85-M85),(N85-M85)))*$T85)+P85 | R85: =(AVERAGE(IF((Q85-P85)<0,-(Q85-P85),(Q85-P85)),IF((P85-O85)<0,-(P85-O85),(P85-O85)),IF((O85-N85)<0,-(O85-N85),(O85-N85)))*$T85)+Q85 | S85: =AVERAGE(G85:R85) | T85: 1.1
A86: ='Mapping Prob-Root'!A70 | B86: ='Mapping Prob-Root'!O70 | C86: medium | D86: Completeness (All) | G86: ='SC3 Data'!F18 | H86: ='SC3 Data'!K18 | I86: ='SC3 Data'!P18 | J86: ='SC3 Data'!U18 | K86: ='SC3 Data'!Z18 | L86: ='SC3 Data'!AE18 | M86: ='SC3 Data'!AJ18 | N86: =(AVERAGE(IF((M86-L86)<0,-(M86-L86),(M86-L86)),IF((L86-K86)<0,-(L86-K86),(L86-K86)),IF((K86-J86)<0,-(K86-J86),(K86-J86)))*$T86)+M86 | O86: =(AVERAGE(IF((N86-M86)<0,-(N86-M86),(N86-M86)),IF((M86-L86)<0,-(M86-L86),(M86-L86)),IF((L86-K86)<0,-(L86-K86),(L86-K86)))*$T86)+N86 | P86: =(AVERAGE(IF((O86-N86)<0,-(O86-N86),(O86-N86)),IF((N86-M86)<0,-(N86-M86),(N86-M86)),IF((M86-L86)<0,-(M86-L86),(M86-L86)))*$T86)+O86 | Q86: =(AVERAGE(IF((P86-O86)<0,-(P86-O86),(P86-O86)),IF((O86-N86)<0,-(O86-N86),(O86-N86)),IF((N86-M86)<0,-(N86-M86),(N86-M86)))*$T86)+P86 | R86: =(AVERAGE(IF((Q86-P86)<0,-(Q86-P86),(Q86-P86)),IF((P86-O86)<0,-(P86-O86),(P86-O86)),IF((O86-N86)<0,-(O86-N86),(O86-N86)))*$T86)+Q86 | S86: =AVERAGE(G86:R86) | T86: 0.2
A87: ='Mapping Prob-Root'!A71 | B87: ='Mapping Prob-Root'!O71 | C87: medium | D87: Timeliness (All) | G87: ='SC3 Data'!G18 | H87: ='SC3 Data'!L18 | I87: ='SC3 Data'!Q18 | J87: ='SC3 Data'!V18 | K87: ='SC3 Data'!AA18 | L87: ='SC3 Data'!AF18 | M87: ='SC3 Data'!AK18 | N87: =(AVERAGE(IF((M87-L87)<0,-(M87-L87),(M87-L87)),IF((L87-K87)<0,-(L87-K87),(L87-K87)),IF((K87-J87)<0,-(K87-J87),(K87-J87)))*$T87)+M87 | O87: =(AVERAGE(IF((N87-M87)<0,-(N87-M87),(N87-M87)),IF((M87-L87)<0,-(M87-L87),(M87-L87)),IF((L87-K87)<0,-(L87-K87),(L87-K87)))*$T87)+N87 | P87: =(AVERAGE(IF((O87-N87)<0,-(O87-N87),(O87-N87)),IF((N87-M87)<0,-(N87-M87),(N87-M87)),IF((M87-L87)<0,-(M87-L87),(M87-L87)))*$T87)+O87 | Q87: =(AVERAGE(IF((P87-O87)<0,-(P87-O87),(P87-O87)),IF((O87-N87)<0,-(O87-N87),(O87-N87)),IF((N87-M87)<0,-(N87-M87),(N87-M87)))*$T87)+P87 | R87: =(AVERAGE(IF((Q87-P87)<0,-(Q87-P87),(Q87-P87)),IF((P87-O87)<0,-(P87-O87),(P87-O87)),IF((O87-N87)<0,-(O87-N87),(O87-N87)))*$T87)+Q87 | S87: =AVERAGE(G87:R87) | T87: 0.1
A88: ='Mapping Prob-Root'!A72 | B88: ='Mapping Prob-Root'!O72 | C88: high | D88: Completeness (Critical) | G88: ='SC3 Data'!F19 | H88: ='SC3 Data'!K19 | I88: ='SC3 Data'!P19 | J88: ='SC3 Data'!U19 | K88: ='SC3 Data'!Z19 | L88: ='SC3 Data'!AE19 | M88: ='SC3 Data'!AJ19 | N88: =(AVERAGE(IF((M88-L88)<0,-(M88-L88),(M88-L88)),IF((L88-K88)<0,-(L88-K88),(L88-K88)),IF((K88-J88)<0,-(K88-J88),(K88-J88)))*$T88)+M88 | O88: =(AVERAGE(IF((N88-M88)<0,-(N88-M88),(N88-M88)),IF((M88-L88)<0,-(M88-L88),(M88-L88)),IF((L88-K88)<0,-(L88-K88),(L88-K88)))*$T88)+N88 | P88: =(AVERAGE(IF((O88-N88)<0,-(O88-N88),(O88-N88)),IF((N88-M88)<0,-(N88-M88),(N88-M88)),IF((M88-L88)<0,-(M88-L88),(M88-L88)))*$T88)+O88 | Q88: =(AVERAGE(IF((P88-O88)<0,-(P88-O88),(P88-O88)),IF((O88-N88)<0,-(O88-N88),(O88-N88)),IF((N88-M88)<0,-(N88-M88),(N88-M88)))*$T88)+P88 | R88: =(AVERAGE(IF((Q88-P88)<0,-(Q88-P88),(Q88-P88)),IF((P88-O88)<0,-(P88-O88),(P88-O88)),IF((O88-N88)<0,-(O88-N88),(O88-N88)))*$T88)+Q88 | S88: =AVERAGE(G88:R88) | T88: 1.8
A89: ='Mapping Prob-Root'!A73 | B89: ='Mapping Prob-Root'!O73 | C89: high | D89: Timeliness (Critical) | G89: ='SC3 Data'!G19 | H89: ='SC3 Data'!L19 | I89: ='SC3 Data'!Q19 | J89: ='SC3 Data'!V19 | K89: ='SC3 Data'!AA19 | L89: ='SC3 Data'!AF19 | M89: ='SC3 Data'!AK19 | N89: =(AVERAGE(IF((M89-L89)<0,-(M89-L89),(M89-L89)),IF((L89-K89)<0,-(L89-K89),(L89-K89)),IF((K89-J89)<0,-(K89-J89),(K89-J89)))*$T89)+M89 | O89: =(AVERAGE(IF((N89-M89)<0,-(N89-M89),(N89-M89)),IF((M89-L89)<0,-(M89-L89),(M89-L89)),IF((L89-K89)<0,-(L89-K89),(L89-K89)))*$T89)+N89 | P89: =(AVERAGE(IF((O89-N89)<0,-(O89-N89),(O89-N89)),IF((N89-M89)<0,-(N89-M89),(N89-M89)),IF((M89-L89)<0,-(M89-L89),(M89-L89)))*$T89)+O89 | Q89: =(AVERAGE(IF((P89-O89)<0,-(P89-O89),(P89-O89)),IF((O89-N89)<0,-(O89-N89),(O89-N89)),IF((N89-M89)<0,-(N89-M89),(N89-M89)))*$T89)+P89 | R89: =(AVERAGE(IF((Q89-P89)<0,-(Q89-P89),(Q89-P89)),IF((P89-O89)<0,-(P89-O89),(P89-O89)),IF((O89-N89)<0,-(O89-N89),(O89-N89)))*$T89)+Q89 | S89: =AVERAGE(G89:R89) | T89: 1.5
A90: ='Mapping Prob-Root'!A74 | B90: ='Mapping Prob-Root'!O74 | C90: high | D90: Completeness (Critical) | G90: ='SC3 Data'!F20 | H90: ='SC3 Data'!K20 | I90: ='SC3 Data'!P20 | J90: ='SC3 Data'!U20 | K90: ='SC3 Data'!Z20 | L90: ='SC3 Data'!AE20 | M90: ='SC3 Data'!AJ20 | N90: =(AVERAGE(IF((M90-L90)<0,-(M90-L90),(M90-L90)),IF((L90-K90)<0,-(L90-K90),(L90-K90)),IF((K90-J90)<0,-(K90-J90),(K90-J90)))*$T90)+M90 | O90: =(AVERAGE(IF((N90-M90)<0,-(N90-M90),(N90-M90)),IF((M90-L90)<0,-(M90-L90),(M90-L90)),IF((L90-K90)<0,-(L90-K90),(L90-K90)))*$T90)+N90 | P90: =(AVERAGE(IF((O90-N90)<0,-(O90-N90),(O90-N90)),IF((N90-M90)<0,-(N90-M90),(N90-M90)),IF((M90-L90)<0,-(M90-L90),(M90-L90)))*$T90)+O90 | Q90: =(AVERAGE(IF((P90-O90)<0,-(P90-O90),(P90-O90)),IF((O90-N90)<0,-(O90-N90),(O90-N90)),IF((N90-M90)<0,-(N90-M90),(N90-M90)))*$T90)+P90 | R90: =(AVERAGE(IF((Q90-P90)<0,-(Q90-P90),(Q90-P90)),IF((P90-O90)<0,-(P90-O90),(P90-O90)),IF((O90-N90)<0,-(O90-N90),(O90-N90)))*$T90)+Q90 | S90: =AVERAGE(G90:R90) | T90: 0.9
A91: ='Mapping Prob-Root'!A75 | B91: ='Mapping Prob-Root'!O75 | C91: high | D91: Timeliness (Critical) | G91: ='SC3 Data'!G20 | H91: ='SC3 Data'!L20 | I91: ='SC3 Data'!Q20 | J91: ='SC3 Data'!V20 | K91: ='SC3 Data'!AA20 | L91: ='SC3 Data'!AF20 | M91: ='SC3 Data'!AK20 | N91: =(AVERAGE(IF((M91-L91)<0,-(M91-L91),(M91-L91)),IF((L91-K91)<0,-(L91-K91),(L91-K91)),IF((K91-J91)<0,-(K91-J91),(K91-J91)))*$T91)+M91 | O91: =(AVERAGE(IF((N91-M91)<0,-(N91-M91),(N91-M91)),IF((M91-L91)<0,-(M91-L91),(M91-L91)),IF((L91-K91)<0,-(L91-K91),(L91-K91)))*$T91)+N91 | P91: =(AVERAGE(IF((O91-N91)<0,-(O91-N91),(O91-N91)),IF((N91-M91)<0,-(N91-M91),(N91-M91)),IF((M91-L91)<0,-(M91-L91),(M91-L91)))*$T91)+O91 | Q91: =(AVERAGE(IF((P91-O91)<0,-(P91-O91),(P91-O91)),IF((O91-N91)<0,-(O91-N91),(O91-N91)),IF((N91-M91)<0,-(N91-M91),(N91-M91)))*$T91)+P91 | R91: =(AVERAGE(IF((Q91-P91)<0,-(Q91-P91),(Q91-P91)),IF((P91-O91)<0,-(P91-O91),(P91-O91)),IF((O91-N91)<0,-(O91-N91),(O91-N91)))*$T91)+Q91 | S91: =AVERAGE(G91:R91) | T91: 0.8
A92: ='Mapping Prob-Root'!A76 | B92: ='Mapping Prob-Root'!O76 | C92: medium | D92: Completeness (All) | G92: ='SC3 Data'!F21 | H92: ='SC3 Data'!K21 | I92: ='SC3 Data'!P21 | J92: ='SC3 Data'!U21 | K92: ='SC3 Data'!Z21 | L92: ='SC3 Data'!AE21 | M92: ='SC3 Data'!AJ21 | N92: =(AVERAGE(IF((M92-L92)<0,-(M92-L92),(M92-L92)),IF((L92-K92)<0,-(L92-K92),(L92-K92)),IF((K92-J92)<0,-(K92-J92),(K92-J92)))*$T92)+M92 | O92: =(AVERAGE(IF((N92-M92)<0,-(N92-M92),(N92-M92)),IF((M92-L92)<0,-(M92-L92),(M92-L92)),IF((L92-K92)<0,-(L92-K92),(L92-K92)))*$T92)+N92 | P92: =(AVERAGE(IF((O92-N92)<0,-(O92-N92),(O92-N92)),IF((N92-M92)<0,-(N92-M92),(N92-M92)),IF((M92-L92)<0,-(M92-L92),(M92-L92)))*$T92)+O92 | Q92: =(AVERAGE(IF((P92-O92)<0,-(P92-O92),(P92-O92)),IF((O92-N92)<0,-(O92-N92),(O92-N92)),IF((N92-M92)<0,-(N92-M92),(N92-M92)))*$T92)+P92 | R92: =(AVERAGE(IF((Q92-P92)<0,-(Q92-P92),(Q92-P92)),IF((P92-O92)<0,-(P92-O92),(P92-O92)),IF((O92-N92)<0,-(O92-N92),(O92-N92)))*$T92)+Q92 | S92: =AVERAGE(G92:R92) | T92: 1.1
A93: ='Mapping Prob-Root'!A77 | B93: ='Mapping Prob-Root'!O77 | C93: medium | D93: Timeliness (All) | G93: ='SC3 Data'!G21 | H93: ='SC3 Data'!L21 | I93: ='SC3 Data'!Q21 | J93: ='SC3 Data'!V21 | K93: ='SC3 Data'!AA21 | L93: ='SC3 Data'!AF21 | M93: ='SC3 Data'!AK21 | N93: =(AVERAGE(IF((M93-L93)<0,-(M93-L93),(M93-L93)),IF((L93-K93)<0,-(L93-K93),(L93-K93)),IF((K93-J93)<0,-(K93-J93),(K93-J93)))*$T93)+M93 | O93: =(AVERAGE(IF((N93-M93)<0,-(N93-M93),(N93-M93)),IF((M93-L93)<0,-(M93-L93),(M93-L93)),IF((L93-K93)<0,-(L93-K93),(L93-K93)))*$T93)+N93 | P93: =(AVERAGE(IF((O93-N93)<0,-(O93-N93),(O93-N93)),IF((N93-M93)<0,-(N93-M93),(N93-M93)),IF((M93-L93)<0,-(M93-L93),(M93-L93)))*$T93)+O93 | Q93: =(AVERAGE(IF((P93-O93)<0,-(P93-O93),(P93-O93)),IF((O93-N93)<0,-(O93-N93),(O93-N93)),IF((N93-M93)<0,-(N93-M93),(N93-M93)))*$T93)+P93 | R93: =(AVERAGE(IF((Q93-P93)<0,-(Q93-P93),(Q93-P93)),IF((P93-O93)<0,-(P93-O93),(P93-O93)),IF((O93-N93)<0,-(O93-N93),(O93-N93)))*$T93)+Q93 | S93: =AVERAGE(G93:R93) | T93: 0.7
A94: ='Mapping Prob-Root'!A78 | B94: ='Mapping Prob-Root'!O78 | C94: high | D94: Completeness (Critical) | G94: ='SC3 Data'!F22 | H94: ='SC3 Data'!K22 | I94: ='SC3 Data'!P22 | J94: ='SC3 Data'!U22 | K94: ='SC3 Data'!Z22 | L94: ='SC3 Data'!AE22 | M94: ='SC3 Data'!AJ22 | N94: =(AVERAGE(IF((M94-L94)<0,-(M94-L94),(M94-L94)),IF((L94-K94)<0,-(L94-K94),(L94-K94)),IF((K94-J94)<0,-(K94-J94),(K94-J94)))*$T94)+M94 | O94: =(AVERAGE(IF((N94-M94)<0,-(N94-M94),(N94-M94)),IF((M94-L94)<0,-(M94-L94),(M94-L94)),IF((L94-K94)<0,-(L94-K94),(L94-K94)))*$T94)+N94 | P94: =(AVERAGE(IF((O94-N94)<0,-(O94-N94),(O94-N94)),IF((N94-M94)<0,-(N94-M94),(N94-M94)),IF((M94-L94)<0,-(M94-L94),(M94-L94)))*$T94)+O94 | Q94: =(AVERAGE(IF((P94-O94)<0,-(P94-O94),(P94-O94)),IF((O94-N94)<0,-(O94-N94),(O94-N94)),IF((N94-M94)<0,-(N94-M94),(N94-M94)))*$T94)+P94 | R94: =(AVERAGE(IF((Q94-P94)<0,-(Q94-P94),(Q94-P94)),IF((P94-O94)<0,-(P94-O94),(P94-O94)),IF((O94-N94)<0,-(O94-N94),(O94-N94)))*$T94)+Q94 | S94: =AVERAGE(G94:R94) | T94: 1.8
A95: ='Mapping Prob-Root'!A79 | B95: ='Mapping Prob-Root'!O79 | C95: high | D95: Timeliness (Critical) | G95: ='SC3 Data'!G22 | H95: ='SC3 Data'!L22 | I95: ='SC3 Data'!Q22 | J95: ='SC3 Data'!V22 | K95: ='SC3 Data'!AA22 | L95: ='SC3 Data'!AF22 | M95: ='SC3 Data'!AK22 | N95: =(AVERAGE(IF((M95-L95)<0,-(M95-L95),(M95-L95)),IF((L95-K95)<0,-(L95-K95),(L95-K95)),IF((K95-J95)<0,-(K95-J95),(K95-J95)))*$T95)+M95 | O95: =(AVERAGE(IF((N95-M95)<0,-(N95-M95),(N95-M95)),IF((M95-L95)<0,-(M95-L95),(M95-L95)),IF((L95-K95)<0,-(L95-K95),(L95-K95)))*$T95)+N95 | P95: =(AVERAGE(IF((O95-N95)<0,-(O95-N95),(O95-N95)),IF((N95-M95)<0,-(N95-M95),(N95-M95)),IF((M95-L95)<0,-(M95-L95),(M95-L95)))*$T95)+O95 | Q95: =(AVERAGE(IF((P95-O95)<0,-(P95-O95),(P95-O95)),IF((O95-N95)<0,-(O95-N95),(O95-N95)),IF((N95-M95)<0,-(N95-M95),(N95-M95)))*$T95)+P95 | R95: =(AVERAGE(IF((Q95-P95)<0,-(Q95-P95),(Q95-P95)),IF((P95-O95)<0,-(P95-O95),(P95-O95)),IF((O95-N95)<0,-(O95-N95),(O95-N95)))*$T95)+Q95 | S95: =AVERAGE(G95:R95) | T95: 1.5
A96: ='Mapping Prob-Root'!A80 | B96: ='Mapping Prob-Root'!O80 | C96: high | D96: Completeness (Critical) | G96: ='SC3 Data'!F23 | H96: ='SC3 Data'!K23 | I96: ='SC3 Data'!P23 | J96: ='SC3 Data'!U23 | K96: ='SC3 Data'!Z23 | L96: ='SC3 Data'!AE23 | M96: ='SC3 Data'!AJ23 | N96: =(AVERAGE(IF((M96-L96)<0,-(M96-L96),(M96-L96)),IF((L96-K96)<0,-(L96-K96),(L96-K96)),IF((K96-J96)<0,-(K96-J96),(K96-J96)))*$T96)+M96 | O96: =(AVERAGE(IF((N96-M96)<0,-(N96-M96),(N96-M96)),IF((M96-L96)<0,-(M96-L96),(M96-L96)),IF((L96-K96)<0,-(L96-K96),(L96-K96)))*$T96)+N96 | P96: =(AVERAGE(IF((O96-N96)<0,-(O96-N96),(O96-N96)),IF((N96-M96)<0,-(N96-M96),(N96-M96)),IF((M96-L96)<0,-(M96-L96),(M96-L96)))*$T96)+O96 | Q96: =(AVERAGE(IF((P96-O96)<0,-(P96-O96),(P96-O96)),IF((O96-N96)<0,-(O96-N96),(O96-N96)),IF((N96-M96)<0,-(N96-M96),(N96-M96)))*$T96)+P96 | R96: =(AVERAGE(IF((Q96-P96)<0,-(Q96-P96),(Q96-P96)),IF((P96-O96)<0,-(P96-O96),(P96-O96)),IF((O96-N96)<0,-(O96-N96),(O96-N96)))*$T96)+Q96 | S96: =AVERAGE(G96:R96) | T96: 1.7
A97: ='Mapping Prob-Root'!A81 | B97: ='Mapping Prob-Root'!O81 | C97: high | D97: Timeliness (Critical) | G97: ='SC3 Data'!G23 | H97: ='SC3 Data'!L23 | I97: ='SC3 Data'!Q23 | J97: ='SC3 Data'!V23 | K97: ='SC3 Data'!AA23 | L97: ='SC3 Data'!AF23 | M97: ='SC3 Data'!AK23 | N97: =(AVERAGE(IF((M97-L97)<0,-(M97-L97),(M97-L97)),IF((L97-K97)<0,-(L97-K97),(L97-K97)),IF((K97-J97)<0,-(K97-J97),(K97-J97)))*$T97)+M97 | O97: =(AVERAGE(IF((N97-M97)<0,-(N97-M97),(N97-M97)),IF((M97-L97)<0,-(M97-L97),(M97-L97)),IF((L97-K97)<0,-(L97-K97),(L97-K97)))*$T97)+N97 | P97: =(AVERAGE(IF((O97-N97)<0,-(O97-N97),(O97-N97)),IF((N97-M97)<0,-(N97-M97),(N97-M97)),IF((M97-L97)<0,-(M97-L97),(M97-L97)))*$T97)+O97 | Q97: =(AVERAGE(IF((P97-O97)<0,-(P97-O97),(P97-O97)),IF((O97-N97)<0,-(O97-N97),(O97-N97)),IF((N97-M97)<0,-(N97-M97),(N97-M97)))*$T97)+P97 | R97: =(AVERAGE(IF((Q97-P97)<0,-(Q97-P97),(Q97-P97)),IF((P97-O97)<0,-(P97-O97),(P97-O97)),IF((O97-N97)<0,-(O97-N97),(O97-N97)))*$T97)+Q97 | S97: =AVERAGE(G97:R97) | T97: 1.1
A98: ='Mapping Prob-Root'!A82 | B98: ='Mapping Prob-Root'!O82 | C98: medium | D98: Completeness (All) | G98: ='SC3 Data'!F24 | H98: ='SC3 Data'!K24 | I98: ='SC3 Data'!P24 | J98: ='SC3 Data'!U24 | K98: ='SC3 Data'!Z24 | L98: ='SC3 Data'!AE24 | M98: ='SC3 Data'!AJ24 | N98: =(AVERAGE(IF((M98-L98)<0,-(M98-L98),(M98-L98)),IF((L98-K98)<0,-(L98-K98),(L98-K98)),IF((K98-J98)<0,-(K98-J98),(K98-J98)))*$T98)+M98 | O98: =(AVERAGE(IF((N98-M98)<0,-(N98-M98),(N98-M98)),IF((M98-L98)<0,-(M98-L98),(M98-L98)),IF((L98-K98)<0,-(L98-K98),(L98-K98)))*$T98)+N98 | P98: =(AVERAGE(IF((O98-N98)<0,-(O98-N98),(O98-N98)),IF((N98-M98)<0,-(N98-M98),(N98-M98)),IF((M98-L98)<0,-(M98-L98),(M98-L98)))*$T98)+O98 | Q98: =(AVERAGE(IF((P98-O98)<0,-(P98-O98),(P98-O98)),IF((O98-N98)<0,-(O98-N98),(O98-N98)),IF((N98-M98)<0,-(N98-M98),(N98-M98)))*$T98)+P98 | R98: =(AVERAGE(IF((Q98-P98)<0,-(Q98-P98),(Q98-P98)),IF((P98-O98)<0,-(P98-O98),(P98-O98)),IF((O98-N98)<0,-(O98-N98),(O98-N98)))*$T98)+Q98 | S98: =AVERAGE(G98:R98) | T98: 0.8
A99: ='Mapping Prob-Root'!A83 | B99: ='Mapping Prob-Root'!O83 | C99: medium | D99: Timeliness (All) | G99: ='SC3 Data'!G24 | H99: ='SC3 Data'!L24 | I99: ='SC3 Data'!Q24 | J99: ='SC3 Data'!V24 | K99: ='SC3 Data'!AA24 | L99: ='SC3 Data'!AF24 | M99: ='SC3 Data'!AK24 | N99: =(AVERAGE(IF((M99-L99)<0,-(M99-L99),(M99-L99)),IF((L99-K99)<0,-(L99-K99),(L99-K99)),IF((K99-J99)<0,-(K99-J99),(K99-J99)))*$T99)+M99 | O99: =(AVERAGE(IF((N99-M99)<0,-(N99-M99),(N99-M99)),IF((M99-L99)<0,-(M99-L99),(M99-L99)),IF((L99-K99)<0,-(L99-K99),(L99-K99)))*$T99)+N99 | P99: =(AVERAGE(IF((O99-N99)<0,-(O99-N99),(O99-N99)),IF((N99-M99)<0,-(N99-M99),(N99-M99)),IF((M99-L99)<0,-(M99-L99),(M99-L99)))*$T99)+O99 | Q99: =(AVERAGE(IF((P99-O99)<0,-(P99-O99),(P99-O99)),IF((O99-N99)<0,-(O99-N99),(O99-N99)),IF((N99-M99)<0,-(N99-M99),(N99-M99)))*$T99)+P99 | R99: =(AVERAGE(IF((Q99-P99)<0,-(Q99-P99),(Q99-P99)),IF((P99-O99)<0,-(P99-O99),(P99-O99)),IF((O99-N99)<0,-(O99-N99),(O99-N99)))*$T99)+Q99 | S99: =AVERAGE(G99:R99) | T99: 0.4
A100: ='Mapping Prob-Root'!A84 | B100: ='Mapping Prob-Root'!O84 | C100: medium | D100: ETA accuracy 2P | G100: 0.223 | H100: 0.386 | I100: 0.403 | J100: 0.434 | K100: 0.435 | L100: 0.622 | M100: 0.392 | N100: =(AVERAGE(IF((M100-L100)<0,-(M100-L100),(M100-L100)),IF((L100-K100)<0,-(L100-K100),(L100-K100)),IF((K100-J100)<0,-(K100-J100),(K100-J100)))*$T100)+M100 | O100: =(AVERAGE(IF((N100-M100)<0,-(N100-M100),(N100-M100)),IF((M100-L100)<0,-(M100-L100),(M100-L100)),IF((L100-K100)<0,-(L100-K100),(L100-K100)))*$T100)+N100 | P100: =(AVERAGE(IF((O100-N100)<0,-(O100-N100),(O100-N100)),IF((N100-M100)<0,-(N100-M100),(N100-M100)),IF((M100-L100)<0,-(M100-L100),(M100-L100)))*$T100)+O100 | Q100: =(AVERAGE(IF((P100-O100)<0,-(P100-O100),(P100-O100)),IF((O100-N100)<0,-(O100-N100),(O100-N100)),IF((N100-M100)<0,-(N100-M100),(N100-M100)))*$T100)+P100 | R100: =(AVERAGE(IF((Q100-P100)<0,-(Q100-P100),(Q100-P100)),IF((P100-O100)<0,-(P100-O100),(P100-O100)),IF((O100-N100)<0,-(O100-N100),(O100-N100)))*$T100)+Q100 | S100: =AVERAGE(G100:R100) | T100: 0.6
A101: ='Mapping Prob-Root'!A85 | B101: ='Mapping Prob-Root'!O85 | C101: medium | D101: ETA accuracy 2P | G101: N/A | H101: N/A | I101: N/A | J101: N/A | K101: N/A | L101: N/A | M101: N/A | N101: N/A | O101: N/A | P101: N/A | Q101: N/A | R101: N/A
A102: ='Mapping Prob-Root'!A86 | B102: ='Mapping Prob-Root'!O86 | C102: medium | D102: ETA accuracy 2D | G102: 0.044 | H102: 0.132 | I102: 0.07 | J102: 0.115 | K102: 0.125 | L102: 0.174 | M102: 0.174 | N102: =(AVERAGE(IF((M102-L102)<0,-(M102-L102),(M102-L102)),IF((L102-K102)<0,-(L102-K102),(L102-K102)),IF((K102-J102)<0,-(K102-J102),(K102-J102)))*$T102)+M102 | O102: =(AVERAGE(IF((N102-M102)<0,-(N102-M102),(N102-M102)),IF((M102-L102)<0,-(M102-L102),(M102-L102)),IF((L102-K102)<0,-(L102-K102),(L102-K102)))*$T102)+N102 | P102: =(AVERAGE(IF((O102-N102)<0,-(O102-N102),(O102-N102)),IF((N102-M102)<0,-(N102-M102),(N102-M102)),IF((M102-L102)<0,-(M102-L102),(M102-L102)))*$T102)+O102 | Q102: =(AVERAGE(IF((P102-O102)<0,-(P102-O102),(P102-O102)),IF((O102-N102)<0,-(O102-N102),(O102-N102)),IF((N102-M102)<0,-(N102-M102),(N102-M102)))*$T102)+P102 | R102: =(AVERAGE(IF((Q102-P102)<0,-(Q102-P102),(Q102-P102)),IF((P102-O102)<0,-(P102-O102),(P102-O102)),IF((O102-N102)<0,-(O102-N102),(O102-N102)))*$T102)+Q102 | S102: =AVERAGE(G102:R102) | T102: 2.2
...

Sheet SC4 Data
A1: SC4 - Weekly Milestone Data
A2: Critical Milestones: S00, S02, S04, S07, S31, S45
C3: Week 1 | H3: Week 2 | M3: Week 3 | R3: Week 4 | W3: Week 5 | AB3: Week 6 | AG3: Week 7 | AL3: Week 8
A4: Milestone | B4: Type | C4: Required | D4: Available | E4: In Time | F4: Completeness | G4: Timeliness | H4: Required | I4: Available | J4: In Time | K4: Completeness | L4: Timeliness | M4: Required | N4: Available | O4: In Time | P4: Completeness | Q4: Timeliness | R4: Required | S4: Available | T4: In Time | U4: Completeness | V4: Timeliness | W4: Required | X4: Available | Y4: In Time | Z4: Completeness | AA4: Timeliness | AB4: Required | AC4: Available | AD4: In Time | AE4: Completeness | AF4: Timeliness | AG4: Required | AH4: Available | AI4: In Time | AJ4: Completeness | AK4: Timeliness | AL4: Required | AM4: Available | AN4: In Time | AO4: Completeness | AP4: Timeliness
A5: S00 - Shipment created | B5: Actual | C5: 168 | D5: 88 | E5: 88 | F5: 0.52 | G5: 0.52 | H5: 390 | I5: 141 | J5: 139 | K5: 0.36 | L5: 0.36 | M5: 675 | N5: 236 | O5: 233 | P5: 0.35 | Q5: 0.35 | R5: 719 | S5: 358 | T5: 352 | U5: 0.5 | V5: 0.49 | W5: 527 | X5: 291 | Y5: 288 | Z5: 0.55218216 | AA5: 0.54648956 | AB5: 569 | AC5: 349 | AD5: 341 | AE5: 0.61 | AF5: 0.6 | AG5: 566 | AH5: 436 | AI5: 423 | AJ5: 0.77031802 | AK5: 0.74734982 | AL5: 593 | AM5: 452 | AN5: 424 | AO5: 0.7622 | AP5: 0.715
A6: S02 - Collected | B6: Estimated | C6: 145 | D6: 114 | E6: 59 | F6: 0.79 | G6: 0.41 | H6: 286 | I6: 237 | J6: 104 | K6: 0.83 | L6: 0.36 | M6: 496 | N6: 423 | O6: 167 | P6: 0.85 | Q6: 0.34 | R6: 514 | S6: 447 | T6: 220 | U6: 0.87 | V6: 0.43 | W6: 398 | X6: 337 | Y6: 210 | Z6: 0.84673367 | AA6: 0.52763819 | AB6: 399 | AC6: 359 | AD6: 234 | AE6: 0.9 | AF6: 0.59 | AG6: 446 | AH6: 395 | AI6: 297 | AJ6: 0.88565022 | AK6: 0.66591928 | AL6: 394 | AM6: 349 | AN6: 251 | AO6: 0.8858 | AP6: 0.6371
A7: S02 - Collected | B7: Actual | C7: 145 | D7: 133 | E7: 24 | F7: 0.92 | G7: 0.17 | H7: 286 | I7: 272 | J7: 112 | K7: 0.95 | L7: 0.39 | M7: 496 | N7: 438 | O7: 171 | P7: 0.88 | Q7: 0.34 | R7: 514 | S7: 462 | T7: 207 | U7: 0.9 | V7: 0.4 | W7: 398 | X7: 354 | Y7: 131 | Z7: 0.88944724 | AA7: 0.32914573 | AB7: 399 | AC7: 361 | AD7: 149 | AE7: 0.9 | AF7: 0.37 | AG7: 446 | AH7: 405 | AI7: 171 | AJ7: 0.90807175 | AK7: 0.38340807 | AL7: 394 | AM7: 348 | AN7: 147 | AO7: 0.8832 | AP7: 0.3731
A8: S46 - Documents rcvd from shipper | B8: Actual | C8: 168 | D8: 103 | E8: 45 | F8: 0.61 | G8: 0.27 | H8: 390 | I8: 144 | J8: 72 | K8: 0.37 | L8: 0.18 | M8: 675 | N8: 277 | O8: 104 | P8: 0.41 | Q8: 0.15 | R8: 719 | S8: 435 | T8: 226 | U8: 0.61 | V8: 0.31 | W8: 527 | X8: 357 | Y8: 165 | Z8: 0.67741935 | AA8: 0.31309298 | AB8: 569 | AC8: 418 | AD8: 235 | AE8: 0.73 | AF8: 0.41 | AG8: 566 | AH8: 465 | AI8: 288 | AJ8: 0.82155477 | AK8: 0.50883392 | AL8: 593 | AM8: 488 | AN8: 312 | AO8: 0.8229 | AP8: 0.5261
A9: S10 - On hand at origin SVC | B9: Actual | C9: 154 | D9: 148 | E9: 98 | F9: 0.96 | G9: 0.64 | H9: 335 | I9: 305 | J9: 177 | K9: 0.91 | L9: 0.53 | M9: 535 | N9: 443 | O9: 274 | P9: 0.83 | Q9: 0.51 | R9: 577 | S9: 505 | T9: 281 | U9: 0.88 | V9: 0.49 | W9: 412 | X9: 335 | Y9: 194 | Z9: 0.8131068 | AA9: 0.47087379 | AB9: 461 | AC9: 413 | AD9: 243 | AE9: 0.9 | AF9: 0.53 | AG9: 473 | AH9: 433 | AI9: 268 | AJ9: 0.9154334 | AK9: 0.56659619 | AL9: 463 | AM9: 405 | AN9: 229 | AO9: 0.8747 | AP9: 0.4946
A10: S11 - On hand at origin Hub/ CC | B10: Actual | C10: 154 | D10: 104 | E10: 73 | F10: 0.68 | G10: 0.47 | H10: 335 | I10: 146 | J10: 92 | K10: 0.44 | L10: 0.27 | M10: 535 | N10: 245 | O10: 160 | P10: 0.46 | Q10: 0.3 | R10: 577 | S10: 390 | T10: 205 | U10: 0.68 | V10: 0.36 | W10: 412 | X10: 292 | Y10: 164 | Z10: 0.70873786 | AA10: 0.39805825 | AB10: 461 | AC10: 376 | AD10: 207 | AE10: 0.82 | AF10: 0.45 | AG10: 473 | AH10: 420 | AI10: 252 | AJ10: 0.88794926 | AK10: 0.53276956 | AL10: 463 | AM10: 403 | AN10: 214 | AO10: 0.8704 | AP10: 0.4622
A11: S16 - Shipment booked with carrier | B11: Actual | C11: 168 | D11: 119 | E11: 86 | F11: 0.71 | G11: 0.51 | H11: 390 | I11: 237 | J11: 183 | K11: 0.61 | L11: 0.47 | M11: 675 | N11: 415 | O11: 323 | P11: 0.61 | Q11: 0.48 | R11: 719 | S11: 539 | T11: 439 | U11: 0.75 | V11: 0.61 | W11: 527 | X11: 405 | Y11: 322 | Z11: 0.76850095 | AA11: 0.61100569 | AB11: 569 | AC11: 451 | AD11: 384 | AE11: 0.79 | AF11: 0.67 | AG11: 566 | AH11: 477 | AI11: 381 | AJ11: 0.84275618 | AK11: 0.67314488 | AL11: 593 | AM11: 502 | AN11: 441 | AO11: 0.8465 | AP11: 0.7437
A12: S17 - Tendered carrier | B12: Actual | C12: 154 | D12: 108 | E12: 44 | F12: 0.7 | G12: 0.29 | H12: 335 | I12: 141 | J12: 89 | K12: 0.42 | L12: 0.27 | M12: 535 | N12: 225 | O12: 89 | P12: 0.42 | Q12: 0.17 | R12: 577 | S12: 328 | T12: 172 | U12: 0.57 | V12: 0.3 | W12: 412 | X12: 245 | Y12: 135 | Z12: 0.59466019 | AA12: 0.3276699 | AB12: 461 | AC12: 286 | AD12: 165 | AE12: 0.62 | AF12: 0.36 | AG12: 473 | AH12: 326 | AI12: 129 | AJ12: 0.68921776 | AK12: 0.27272727 | AL12: 463 | AM12: 284 | AN12: 39 | AO12: 0.6134 | AP12: 0.0842
A13: S50 - Received origin CFS | B13: Actual | C13: 115 | D13: 104 | E13: 46 | F13: 0.9 | G13: 0.4 | H13: 190 | I13: 175 | J13: 122 | K13: 0.92 | L13: 0.64 | M13: 354 | N13: 273 | O13: 149 | P13: 0.77 | Q13: 0.42 | R13: 294 | S13: 208 | T13: 96 | U13: 0.71 | V13: 0.33 | W13: 223 | X13: 176 | Y13: 98 | Z13: 0.78923767 | AA13: 0.43946188 | AB13: 183 | AC13: 122 | AD13: 81 | AE13: 0.67 | AF13: 0.44 | AG13: 263 | AH13: 229 | AI13: 76 | AJ13: 0.87072243 | AK13: 0.28897338 | AL13: 259 | AM13: 193 | AN13: 30 | AO13: 0.7452 | AP13: 0.1158
A14: S04 - Vessel/ flight departed | B14: Estimated | C14: 168 | D14: 166 | E14: 63 | F14: 0.99 | G14: 0.38 | H14: 390 | I14: 385 | J14: 166 | K14: 0.99 | L14: 0.43 | M14: 675 | N14: 648 | O14: 248 | P14: 0.96 | Q14: 0.37 | R14: 719 | S14: 696 | T14: 308 | U14: 0.97 | V14: 0.43 | W14: 527 | X14: 504 | Y14: 257 | Z14: 0.95635674 | AA14: 0.48766603 | AB14: 569 | AC14: 551 | AD14: 303 | AE14: 0.97 | AF14: 0.53 | AG14: 566 | AH14: 542 | AI14: 408 | AJ14: 0.95759717 | AK14: 0.72084806 | AL14: 593 | AM14: 554 | AN14: 462 | AO14: 0.9342 | AP14: 0.7791
A15: S04 - Vessel/ flight departed | B15: Actual | C15: 168 | D15: 161 | E15: 140 | F15: 0.96 | G15: 0.83 | H15: 390 | I15: 362 | J15: 213 | K15: 0.93 | L15: 0.55 | M15: 675 | N15: 563 | O15: 353 | P15: 0.83 | Q15: 0.52 | R15: 719 | S15: 630 | T15: 385 | U15: 0.88 | V15: 0.54 | W15: 527 | X15: 471 | Y15: 259 | Z15: 0.89373814 | AA15: 0.4914611 | AB15: 569 | AC15: 500 | AD15: 332 | AE15: 0.88 | AF15: 0.58 | AG15: 566 | AH15: 525 | AI15: 359 | AJ15: 0.92756184 | AK15: 0.63427562 | AL15: 593 | AM15: 528 | AN15: 373 | AO15: 0.8904 | AP15: 0.629
A16: S07 - Vessel/ flight arrived | B16: Estimated | C16: 168 | D16: 168 | E16: 43 | F16: 1 | G16: 0.26 | H16: 390 | I16: 376 | J16: 83 | K16: 0.96 | L16: 0.21 | M16: 675 | N16: 631 | O16: 124 | P16: 0.93 | Q16: 0.18 | R16: 719 | S16: 679 | T16: 159 | U16: 0.94 | V16: 0.22 | W16: 527 | X16: 489 | Y16: 113 | Z16: 0.92789374 | AA16: 0.21442125 | AB16: 569 | AC16: 547 | AD16: 75 | AE16: 0.96 | AF16: 0.13 | AG16: 566 | AH16: 552 | AI16: 139 | AJ16: 0.97526502 | AK16: 0.24558304 | AL16: 593 | AM16: 565 | AN16: 168 | AO16: 0.9528 | AP16: 0.2833
... A25: S31 - Delivered | B25: Actual | C25: 50 | D25: 50 | E25: 2 | F25: 1 | G25: 0.04 | H25: 261 | I25: 261 | J25: 32 | K25: 1 | L25: 0.12 | M25: 462 | N25: 353 | O25: 132 | P25: 0.76 | Q25: 0.29 | R25: 535 | S25: 445 | T25: 48 | U25: 0.83 | V25: 0.09 | W25: 418 | X25: 351 | Y25: 44 | Z25: 0.83971292 | AA25: 0.10526316 | AB25: 459 | AC25: 304 | AD25: 73 | AE25: 0.66 | AF25: 0.16 | AG25: 373 | AH25: 267 | AI25: 49 | AJ25: 0.71581769 | AK25: 0.13136729 | AL25: 475 | AM25: 349 | AN25: 56 | AO25: 0.7347 | AP25: 0.1179
T27: SC3+ SC4 | V27: critical | W27: =SUM(W5:W7,W14:W17,W22,W24:W25,'SC3 Data'!W7:W8,'SC3 Data'!W12:W15,'SC3 Data'!W19:W20,'SC3 Data'!W22:W23) | X27: =SUM(X5:X7,X14:X17,X22,X24:X25,'SC3 Data'!X7:X8,'SC3 Data'!X12:X15,'SC3 Data'!X19:X20,'SC3 Data'!X22:X23) | Y27: =SUM(Y5:Y7,Y14:Y17,Y22,Y24:Y25,'SC3 Data'!Y7:Y8,'SC3 Data'!Y12:Y15,'SC3 Data'!Y19:Y20,'SC3 Data'!Y22:Y23) | Z27: =X27/W27 | AA27: =Y27/X27 | AB27: =SUM(AB5:AB7,AB14:AB17,AB22,AB24:AB25,'SC3 Data'!AB7:AB8,'SC3 Data'!AB12:AB15,'SC3 Data'!AB19:AB20,'SC3 Data'!AB22:AB23) | AC27: =SUM(AC5:AC7,AC14:AC17,AC22,AC24:AC25,'SC3 Data'!AC7:AC8,'SC3 Data'!AC12:AC15,'SC3 Data'!AC19:AC20,'SC3 Data'!AC22:AC23) | AD27: =SUM(AD5:AD7,AD14:AD17,AD22,AD24:AD25,'SC3 Data'!AD7:AD8,'SC3 Data'!AD12:AD15,'SC3 Data'!AD19:AD20,'SC3 Data'!AD22:AD23) | AE27: =AC27/AB27 | AF27: =AD27/AC27 | AG27: =SUM(AG5:AG7,AG14:AG17,AG22,AG24:AG25,'SC3 Data'!AG7:AG8,'SC3 Data'!AG12:AG15,'SC3 Data'!AG19:AG20,'SC3 Data'!AG22:AG23) | AH27: =SUM(AH5:AH7,AH14:AH17,AH22,AH24:AH25,'SC3 Data'!AH7:AH8,'SC3 Data'!AH12:AH15,'SC3 Data'!AH19:AH20,'SC3 Data'!AH22:AH23) | AI27: =SUM(AI5:AI7,AI14:AI17,AI22,AI24:AI25,'SC3 Data'!AI7:AI8,'SC3 Data'!AI12:AI15,'SC3 Data'!AI19:AI20,'SC3 Data'!AI22:AI23) | AJ27: =AH27/AG27 | AK27: =AI27/AH27
V28: all | W28: =SUM(W8:W25,'SC3 Data'!W5:W24) | X28: =SUM(X8:X25,'SC3 Data'!X5:X24) | Y28: =SUM(Y8:Y25,'SC3 Data'!Y5:Y24) | Z28: =X28/W28 | AA28: =Y28/X28 | AB28: =SUM(AB8:AB25,'SC3 Data'!AB5:AB24) | AC28: =SUM(AC8:AC25,'SC3 Data'!AC5:AC24) | AD28: =SUM(AD8:AD25,'SC3 Data'!AD5:AD24) | AE28: =AC28/AB28 | AF28: =AD28/AC28 | AG28: =SUM(AG8:AG25,'SC3 Data'!AG5:AG24) | AH28: =SUM(AH8:AH25,'SC3 Data'!AH5:AH24) | AI28: =SUM(AI8:AI25,'SC3 Data'!AI5:AI24) | AJ28: =AH28/AG28 | AK28: =AI28/AH28

Sheet SC3 Data
A1: SC3 - Weekly Milestone Data
A2: Critical Milestones: S02, S04, S07, S31, S45
C3: Week 1 | H3: Week 2 | M3: Week 3 | R3: Week 4 | W3: Week 5 | AB3: Week 6 | AG3: Week 7 | AL3: Week 8
A4: Milestone | B4: Type | C4: Required | D4: Available | E4: In Time | F4: Completeness | G4: Timeliness | H4: Required | I4: Available | J4: In Time | K4: Completeness | L4: Timeliness | M4: Required | N4: Available | O4: In Time | P4: Completeness | Q4: Timeliness | R4: Required | S4: Available | T4: In Time | U4: Completeness | V4: Timeliness | W4: Required | X4: Available | Y4: In Time | Z4: Completeness | AA4: Timeliness | AB4: Required | AC4: Available | AD4: In Time | AE4: Completeness | AF4: Timeliness | AG4: Required | AH4: Available | AI4: In Time | AJ4: Completeness | AK4: Timeliness | AL4: Required | AM4: Available | AN4: In Time | AO4: Completeness | AP4: Timeliness
A5: S60 - Pre-Booking confirmed | B5: Actual | C5: 29 | D5: 27 | E5: 27 | F5: 0.931 | G5: 0.931 | H5: 36 | I5: 33 | J5: 33 | K5: 0.917 | L5: 0.917 | M5: 51 | N5: 47 | O5: 47 | P5: 0.922 | Q5: 0.922 | R5: 66 | S5: 63 | T5: 62 | U5: 0.955 | V5: 0.939 | W5: 52 | X5: 48 | Y5: 48 | Z5: 0.92307692 | AA5: 0.92307692 | AB5: 76 | AC5: 70 | AD5: 70 | AE5: =AC5/AB5 | AF5: =AD5/AB5 | AG5: 74 | AH5: 69 | AI5: 67 | AJ5: 0.93243243 | AK5: 0.90540541 | AL5: 56 | AM5: 53 | AN5: 52 | AO5: 0.9464 | AP5: 0.9286
A6: S52 - Empty Container picked up | B6: Actual | C6: 26 | D6: 7 | E6: 5 | F6: 0.269 | G6: 0.192 | H6: 27 | I6: 8 | J6: 6 | K6: 0.296 | L6: 0.222 | M6: 47 | N6: 14 | O6: 12 | P6: 0.298 | Q6: 0.255 | R6: 52 | S6: 10 | T6: 6 | U6: 0.192 | V6: 0.115 | W6: 45 | X6: 13 | Y6: 11 | Z6: 0.28888889 | AA6: 0.24444444 | AB6: 46 | AC6: 14 | AD6: 6 | AE6: =AC6/AB6 | AF6: =AD6/AB6 | AG6: 64 | AH6: 22 | AI6: 16 | AJ6: 0.34375 | AK6: 0.25 | AL6: 54 | AM6: 15 | AN6: 4 | AO6: 0.2778 | AP6: 0.0741
A7: S02 - Collected | B7: Actual | C7: 240 | D7: 195 | E7: 76 | F7: 0.813 | G7: 0.317 | H7: 283 | I7: 224 | J7: 111 | K7: 0.792 | L7: 0.392 | M7: 289 | N7: 211 | O7: 92 | P7: 0.73 | Q7: 0.318 | R7: 306 | S7: 242 | T7: 97 | U7: 0.791 | V7: 0.317 | W7: 292 | X7: 221 | Y7: 100 | Z7: 0.75684932 | AA7: 0.34246575 | AB7: 304 | AC7: 239 | AD7: 117 | AE7: =AC7/AB7 | AF7: =AD7/AB7 | AG7: 322 | AH7: 251 | AI7: 131 | AJ7: 0.77950311 | AK7: 0.4068323 | AL7: 302 | AM7: 228 | AN7: 114 | AO7: 0.755 | AP7: 0.3775
A8: S02 - Collected | B8: Estimated | C8: 214 | D8: 174 | E8: 0 | F8: 0.813 | G8: 0 | H8: 256 | I8: 207 | J8: 0 | K8: 0.809 | L8: 0 | M8: 242 | N8: 188 | O8: 0 | P8: 0.777 | Q8: 0 | R8: 254 | S8: 213 | T8: 0 | U8: 0.839 | V8: 0 | W8: 247 | X8: 205 | Y8: 0 | Z8: 0.82995951 | AA8: 0 | AB8: 258 | AC8: 219 | AD8: 0 | AE8: =AC8/AB8 | AF8: =AD8/AB8 | AG8: 258 | AH8: 223 | AI8: 0 | AJ8: 0.86434109 | AK8: 0 | AL8: 248 | AM8: 212 | AN8: 0 | AO8: 0.8548 | AP8: 0
A9: S10 - On hand at origin SVC | B9: Actual | C9: 146 | D9: 138 | E9: 95 | F9: 0.945 | G9: 0.651 | H9: 208 | I9: 194 | J9: 114 | K9: 0.933 | L9: 0.548 | M9: 181 | N9: 162 | O9: 105 | P9: 0.895 | Q9: 0.58 | R9: 198 | S9: 176 | T9: 97 | U9: 0.889 | V9: 0.49 | W9: 183 | X9: 171 | Y9: 108 | Z9: 0.93442623 | AA9: 0.59016393 | AB9: 216 | AC9: 195 | AD9: 104 | AE9: =AC9/AB9 | AF9: =AD9/AB9 | AG9: 213 | AH9: 192 | AI9: 114 | AJ9: 0.90140845 | AK9: 0.53521127 | AL9: 196 | AM9: 180 | AN9: 110 | AO9: 0.9184 | AP9: 0.5612
A10: S50 - Received origin CFS | B10: Actual | C10: 107 | D10: 84 | E10: 75 | F10: 0.785 | G10: 0.701 | H10: 115 | I10: 90 | J10: 82 | K10: 0.783 | L10: 0.713 | M10: 125 | N10: 97 | O10: 84 | P10: 0.776 | Q10: 0.672 | R10: 153 | S10: 106 | T10: 100 | U10: 0.693 | V10: 0.654 | W10: 147 | X10: 117 | Y10: 104 | Z10: 0.79591837 | AA10: 0.70748299 | AB10: 150 | AC10: 96 | AD10: 74 | AE10: =AC10/AB10 | AF10: =AD10/AB10 | AG10: 130 | AH10: 79 | AI10: 55 | AJ10: 0.60769231 | AK10: 0.42307692 | AL10: 123 | AM10: 85 | AN10: 42 | AO10: 0.6911 | AP10: 0.3415
A11: S53 - Full Container loaded on vessel | B11: Actual | C11: 29 | D11: 12 | E11: 11 | F11: 0.414 | G11: 0.379 | H11: 36 | I11: 15 | J11: 14 | K11: 0.417 | L11: 0.389 | M11: 51 | N11: 26 | O11: 25 | P11: 0.51 | Q11: 0.49 | R11: 66 | S11: 28 | T11: 23 | U11: 0.424 | V11: 0.348 | W11: 54 | X11: 37 | Y11: 34 | Z11: 0.68518519 | AA11: 0.62962963 | AB11: 78 | AC11: 46 | AD11: 43 | AE11: =AC11/AB11 | AF11: =AD11/AB11 | AG11: 82 | AH11: 42 | AI11: 30 | AJ11: 0.51219512 | AK11: 0.36585366 | AL11: 66 | AM11: 37 | AN11: 24 | AO11: 0.5606 | AP11: 0.3636
A12: S04 - Vessel/ flight departed | B12: Actual | C12: 253 | D12: 219 | E12: 217 | F12: 0.866 | G12: 0.858 | H12: 323 | I12: 279 | J12: 277 | K12: 0.864 | L12: 0.858 | M12: 306 | N12: 258 | O12: 250 | P12: 0.843 | Q12: 0.817 | R12: 351 | S12: 281 | T12: 274 | U12: 0.801 | V12: 0.781 | W12: 330 | X12: 301 | Y12: 294 | Z12: 0.91212121 | AA12: 0.89090909 | AB12: 366 | AC12: 311 | AD12: 304 | AE12: =AC12/AB12 | AF12: =AD12/AB12 | AG12: 343 | AH12: 283 | AI12: 277 | AJ12: 0.82507289 | AK12: 0.80758017 | AL12: 319 | AM12: 269 | AN12: 263 | AO12: 0.8433 | AP12: 0.8245
A13: S04 - Vessel/ flight departed | B13: Estimated | C13: 253 | D13: 219 | E13: 174 | F13: 0.866 | G13: 0.688 | H13: 323 | I13: 289 | J13: 234 | K13: 0.895 | L13: 0.724 | M13: 306 | N13: 264 | O13: 216 | P13: 0.863 | Q13: 0.706 | R13: 351 | S13: 297 | T13: 239 | U13: 0.846 | V13: 0.681 | W13: 330 | X13: 301 | Y13: 268 | Z13: 0.91212121 | AA13: 0.81212121 | AB13: 366 | AC13: 307 | AD13: 259 | AE13: =AC13/AB13 | AF13: =AD13/AB13 | AG13: 343 | AH13: 288 | AI13: 261 | AJ13: 0.83965015 | AK13: 0.76093294 | AL13: 319 | AM13: 265 | AN13: 231 | AO13: 0.8307 | AP13: 0.7241
A14: S07 - Vessel/ flight arrived | B14: Actual | C14: 253 | D14: 229 | E14: 224 | F14: 0.905 | G14: 0.885 | H14: 323 | I14: 291 | J14: 287 | K14: 0.901 | L14: 0.889 | M14: 306 | N14: 264 | O14: 260 | P14: 0.863 | Q14: 0.85 | R14: 351 | S14: 302 | T14: 298 | U14: 0.86 | V14: 0.849 | W14: 330 | X14: 308 | Y14: 307 | Z14: 0.93333333 | AA14: 0.93030303 | AB14: 366 | AC14: 320 | AD14: 316 | AE14: =AC14/AB14 | AF14: =AD14/AB14 | AG14: 343 | AH14: 303 | AI14: 301 | AJ14: 0.88338192 | AK14: 0.87755102 | AL14: 319 | AM14: 274 | AN14: 273 | AO14: 0.8589 | AP14: 0.8558
A15: S07 - Vessel/ flight arrived | B15: Estimated | C15: 253 | D15: 223 | E15: 211 | F15: 0.881 | G15: 0.834 | H15: 323 | I15: 295 | J15: 279 | K15: 0.913 | L15: 0.864 | M15: 306 | N15: 269 | O15: 254 | P15: 0.879 | Q15: 0.83 | R15: 351 | S15: 304 | T15: 290 | U15: 0.866 | V15: 0.826 | W15: 330 | X15: 309 | Y15: 294 | Z15: 0.93636364 | AA15: 0.89090909 | AB15: 366 | AC15: 325 | AD15: 303 | AE15: =AC15/AB15 | AF15: =AD15/AB15 | AG15: 343 | AH15: 303 | AI15: 272 | AJ15: 0.88338192 | AK15: 0.79300292 | AL15: 319 | AM15: 280 | AN15: 271 | AO15: 0.8777 | AP15: 0.8495
A16: S54 - Full Container discharge from vessel | B16: Actual | C16: 29 | D16: 4 | E16: 2 | F16: 0.138 | G16: 0.069 | H16: 36 | I16: 5 | J16: 5 | K16: 0.139 | L16: 0.139 | M16: 51 | N16: 2 | O16: 0 | P16: 0.039 | Q16: 0 | R16: 66 | S16: 3 | T16: 3 | U16: 0.045 | V16: 0.045 | W16: 54 | X16: 4 | Y16: 3 | Z16: 0.074074074 | AA16: 0.055555556 | AB16: 78 | AC16: 2 | AD16: 2 | AE16: =AC16/AB16 | AF16: =AD16/AB16 | AG16: 82 | AH16: 10 | AI16: 6 | AJ16: 0.12195122 | AK16: 0.073170732 | AL16: 66 | AM16: 12 | AN16: 10 | AO16: 0.1818 | AP16: 0.1515
... A24: S55 - Empty Container returned | B24: Actual | C24: 28 | D24: 10 | E24: 7 | F24: 0.357 | G24: 0.25 | H24: 36 | I24: 24 | J24: 20 | K24: 0.667 | L24: 0.556 | M24: 50 | N24: 31 | O24: 26 | P24: 0.62 | Q24: 0.52 | R24: 64 | S24: 42 | T24: 40 | U24: 0.656 | V24: 0.625 | W24: 52 | X24: 40 | Y24: 40 | Z24: 0.76923077 | AA24: 0.76923077 | AB24: 77 | AC24: 61 | AD24: 60 | AE24: =AC24/AB24 | AF24: =AD24/AB24 | AG24: 80 | AH24: 55 | AI24: 54 | AJ24: 0.6875 | AK24: 0.675 | AL24: 66 | AM24: 49 | AN24: 48 | AO24: 0.7424 | AP24: 0.7273

Sheet Mapping Prob-Root
A1: Nr. | B1: Code | C1: Description | D1: Metric | I1: type | J1: Error | K1: Rootcause | L1: Measure 1 | M1: Measure 2 | N1: Measure 3 | O1: Main problem
A2: 1 | B2: SC4 – S00 | C2: Shipment created (Actual) | D2: Completeness (Critical) | E2: {=_xlfn.TEXTSPLIT(D2,"(")} | F2: Critical) | G2: {=_xlfn.TEXTSPLIT(C2,"(")} | H2: Actual) | I2: =SUBSTITUTE(H2,")","") | J2: =IF(K2="","No RCA","Not received because "&K2) | K2: CW1 configurations are not set up correctly to handle Bosch requirements | L2: =_xlfn.XLOOKUP(K2,Rootcauses!$B$2:$B$21,Rootcauses!$D$2:$D$21) | M2: =_xlfn.XLOOKUP(K2,Rootcauses!$B$2:$B$21,Rootcauses!$E$2:$E$21) | N2: Review the legacy system shipments flow for the branch in Japan | O2: =B2&"- "&I2&" - "&J2
A3: 2 | B3: SC4 – S00 | C3: Shipment created (Actual) | D3: Timeliness (Critical) | E3: {=_xlfn.TEXTSPLIT(D3,"(")} | F3: Critical) | G3: {=_xlfn.TEXTSPLIT(C3,"(")} | H3: Actual) | I3: =SUBSTITUTE(H3,")","") | J3: =IF(K3="","No RCA","Not received because "&K3) | K3: CW1 configurations are not set up correctly to handle Bosch requirements | L3: =_xlfn.XLOOKUP(K3,Rootcauses!$B$2:$B$21,Rootcauses!$D$2:$D$21) | M3: =_xlfn.XLOOKUP(K3,Rootcauses!$B$2:$B$21,Rootcauses!$E$2:$E$21) | N3: Review the legacy system shipments flow for the branch in Japan | O3: =B3&"- "&I3&" - "&J3
A4: 3 | B4: SC4 – S02 | C4: Collected (Estimated) | D4: Completeness (Critical) | E4: {=_xlfn.TEXTSPLIT(D4,"(")} | F4: Critical) | G4: {=_xlfn.TEXTSPLIT(C4,"(")} | H4: Estimated) | I4: =SUBSTITUTE(H4,")","") | J4: =IF(K4="","No RCA","Not received because "&K4) | K4: Manual milestones not updated on time by Operators due to lack of resources | L4: =_xlfn.XLOOKUP(K4,Rootcauses!$B$2:$B$21,Rootcauses!$D$2:$D$21) | M4: =_xlfn.XLOOKUP(K4,Rootcauses!$B$2:$B$21,Rootcauses!$E$2:$E$21) | N4: =_xlfn.XLOOKUP(K4,Rootcauses!$B$2:$B$21,Rootcauses!$F$2:$F$21) | O4: =B4&"- "&I4&" - "&J4
A5: 4 | B5: SC4 – S02 | C5: Collected (Estimated) | D5: Timeliness (Critical) | E5: {=_xlfn.TEXTSPLIT(D5,"(")} | F5: Critical) | G5: {=_xlfn.TEXTSPLIT(C5,"(")} | H5: Estimated) | I5: =SUBSTITUTE(H5,")","") | J5: =IF(K5="","No RCA","Not received because "&K5) | K5: Manual milestones not updated on time by Operators due to lack of resources | L5: =_xlfn.XLOOKUP(K5,Rootcauses!$B$2:$B$21,Rootcauses!$D$2:$D$21) | M5: =_xlfn.XLOOKUP(K5,Rootcauses!$B$2:$B$21,Rootcauses!$E$2:$E$21) | N5: =_xlfn.XLOOKUP(K5,Rootcauses!$B$2:$B$21,Rootcauses!$F$2:$F$21) | O5: =B5&"- "&I5&" - "&J5
A6: 5 | B6: SC4 – S02 | C6: Collected (Actual) | D6: Completeness (Critical) | E6: {=_xlfn.TEXTSPLIT(D6,"(")} | F6: Critical) | G6: {=_xlfn.TEXTSPLIT(C6,"(")} | H6: Actual) | I6: =SUBSTITUTE(H6,")","") | J6: =IF(K6="","No RCA","Not received because "&K6) | K6: Manual milestones not updated on time by Operators due to lack of resources | L6: =_xlfn.XLOOKUP(K6,Rootcauses!$B$2:$B$21,Rootcauses!$D$2:$D$21) | M6: =_xlfn.XLOOKUP(K6,Rootcauses!$B$2:$B$21,Rootcauses!$E$2:$E$21) | N6: =_xlfn.XLOOKUP(K6,Rootcauses!$B$2:$B$21,Rootcauses!$F$2:$F$21) | O6: =B6&"- "&I6&" - "&J6
A7: 6 | B7: SC4 – S02 | C7: Collected (Actual) | D7: Timeliness (Critical) | E7: {=_xlfn.TEXTSPLIT(D7,"(")} | F7: Critical) | G7: {=_xlfn.TEXTSPLIT(C7,"(")} | H7: Actual) | I7: =SUBSTITUTE(H7,")","") | J7: =IF(K7="","No RCA","Not received because "&K7) | K7: Manual milestones not updated on time by Operators due to lack of resources | L7: =_xlfn.XLOOKUP(K7,Rootcauses!$B$2:$B$21,Rootcauses!$D$2:$D$21) | M7: =_xlfn.XLOOKUP(K7,Rootcauses!$B$2:$B$21,Rootcauses!$E$2:$E$21) | N7: =_xlfn.XLOOKUP(K7,Rootcauses!$B$2:$B$21,Rootcauses!$F$2:$F$21) | O7: =B7&"- "&I7&" - "&J7
A8: 7 | B8: SC4 – S46 | C8: Documents rcvd from shipper (Actual) | D8: Completeness (All) | E8: {=_xlfn.TEXTSPLIT(D8,"(")} | F8: All) | G8: {=_xlfn.TEXTSPLIT(C8,"(")} | H8: Actual) | I8: =SUBSTITUTE(H8,")","") | J8: =IF(K8="","No RCA","Not received because "&K8) | K8: SOP to fill CW1 fields are not followed by Operators due to lack of resources | L8: =_xlfn.XLOOKUP(K8,Rootcauses!$B$2:$B$21,Rootcauses!$D$2:$D$21) | M8: =_xlfn.XLOOKUP(K8,Rootcauses!$B$2:$B$21,Rootcauses!$E$2:$E$21) | N8: =_xlfn.XLOOKUP(K8,Rootcauses!$B$2:$B$21,Rootcauses!$F$2:$F$21) | O8: =B8&"- "&I8&" - "&J8
A9: 8 | B9: SC4 – S46 | C9: Documents rcvd from shipper (Actual) | D9: Timeliness (All) | E9: {=_xlfn.TEXTSPLIT(D9,"(")} | F9: All) | G9: {=_xlfn.TEXTSPLIT(C9,"(")} | H9: Actual) | I9: =SUBSTITUTE(H9,")","") | J9: =IF(K9="","No RCA","Not received because "&K9) | K9: SOP to fill CW1 fields are not followed by Operators due to lack of resources | L9: =_xlfn.XLOOKUP(K9,Rootcauses!$B$2:$B$21,Rootcauses!$D$2:$D$21) | M9: =_xlfn.XLOOKUP(K9,Rootcauses!$B$2:$B$21,Rootcauses!$E$2:$E$21) | N9: =_xlfn.XLOOKUP(K9,Rootcauses!$B$2:$B$21,Rootcauses!$F$2:$F$21) | O9: =B9&"- "&I9&" - "&J9
A10: 9 | B10: SC4 – S10 | C10: On hand at origin SVC (Actual) | D10: Completeness (All) | E10: {=_xlfn.TEXTSPLIT(D10,"(")} | F10: All) | G10: {=_xlfn.TEXTSPLIT(C10,"(")} | H10: Actual) | I10: =SUBSTITUTE(H10,")","") | J10: =IF(K10="","No RCA","Not received because "&K10) | K10: Manual milestones not updated on time by Operators due to lack of resources | L10: =_xlfn.XLOOKUP(K10,Rootcauses!$B$2:$B$21,Rootcauses!$D$2:$D$21) | M10: =_xlfn.XLOOKUP(K10,Rootcauses!$B$2:$B$21,Rootcauses!$E$2:$E$21) | N10: =_xlfn.XLOOKUP(K10,Rootcauses!$B$2:$B$21,Rootcauses!$F$2:$F$21) | O10: =B10&"- "&I10&" - "&J10
A11: 10 | B11: SC4 – S10 | C11: On hand at origin SVC (Actual) | D11: Timeliness (All) | E11: {=_xlfn.TEXTSPLIT(D11,"(")} | F11: All) | G11: {=_xlfn.TEXTSPLIT(C11,"(")} | H11: Actual) | I11: =SUBSTITUTE(H11,")","") | J11: =IF(K11="","No RCA","Not received because "&K11) | K11: Manual milestones not updated on time by Operators due to lack of resources | L11: =_xlfn.XLOOKUP(K11,Rootcauses!$B$2:$B$21,Rootcauses!$D$2:$D$21) | M11: =_xlfn.XLOOKUP(K11,Rootcauses!$B$2:$B$21,Rootcauses!$E$2:$E$21) | N11: =_xlfn.XLOOKUP(K11,Rootcauses!$B$2:$B$21,Rootcauses!$F$2:$F$21) | O11: =B11&"- "&I11&" - "&J11
A12: 11 | B12: SC4 – S11 | C12: On hand at origin Hub/CC (Actual) | D12: Completeness (All) | E12: {=_xlfn.TEXTSPLIT(D12,"(")} | F12: All) | G12: {=_xlfn.TEXTSPLIT(C12,"(")} | H12: Actual) | I12: =SUBSTITUTE(H12,")","") | J12: =IF(K12="","No RCA","Not received because "&K12) | L12: =_xlfn.XLOOKUP(K12,Rootcauses!$B$2:$B$21,Rootcauses!$D$2:$D$21) | M12: =_xlfn.XLOOKUP(K12,Rootcauses!$B$2:$B$21,Rootcauses!$E$2:$E$21) | N12: =_xlfn.XLOOKUP(K12,Rootcauses!$B$2:$B$21,Rootcauses!$F$2:$F$21) | O12: =B12&"- "&I12&" - "&J12
A13: 12 | B13: SC4 – S11 | C13: On hand at origin Hub/CC (Actual) | D13: Timeliness (All) | E13: {=_xlfn.TEXTSPLIT(D13,"(")} | F13: All) | G13: {=_xlfn.TEXTSPLIT(C13,"(")} | H13: Actual) | I13: =SUBSTITUTE(H13,")","") | J13: =IF(K13="","No RCA","Not received because "&K13) | K13: Manual milestones not updated on time by Operators due to lack of resources | L13: =_xlfn.XLOOKUP(K13,Rootcauses!$B$2:$B$21,Rootcauses!$D$2:$D$21) | M13: =_xlfn.XLOOKUP(K13,Rootcauses!$B$2:$B$21,Rootcauses!$E$2:$E$21) | N13: =_xlfn.XLOOKUP(K13,Rootcauses!$B$2:$B$21,Rootcauses!$F$2:$F$21) | O13: =B13&"- "&I13&" - "&J13
A14: 13 | B14: SC4 – S16 | C14: Shipment booked with carrier (Actual) | D14: Completeness (All) | E14: {=_xlfn.TEXTSPLIT(D14,"(")} | F14: All) | G14: {=_xlfn.TEXTSPLIT(C14,"(")} | H14: Actual) | I14: =SUBSTITUTE(H14,")","") | J14: =IF(K14="","No RCA","Not received because "&K14) | K14: SOP to fill CW1 fields are not followed by Operators due to lack of resources | L14: =_xlfn.XLOOKUP(K14,Rootcauses!$B$2:$B$21,Rootcauses!$D$2:$D$21) | M14: =_xlfn.XLOOKUP(K14,Rootcauses!$B$2:$B$21,Rootcauses!$E$2:$E$21) | N14: =_xlfn.XLOOKUP(K14,Rootcauses!$B$2:$B$21,Rootcauses!$F$2:$F$21) | O14: =B14&"- "&I14&" - "&J14
A15: 14 | B15: SC4 – S16 | C15: Shipment booked with carrier (Actual) | D15: Timeliness (All) | E15: {=_xlfn.TEXTSPLIT(D15,"(")} | F15: All) | G15: {=_xlfn.TEXTSPLIT(C15,"(")} | H15: Actual) | I15: =SUBSTITUTE(H15,")","") | J15: =IF(K15="","No RCA","Not received because "&K15) | K15: Manual milestones not updated on time by Operators due to lack of resources | L15: =_xlfn.XLOOKUP(K15,Rootcauses!$B$2:$B$21,Rootcauses!$D$2:$D$21) | M15: =_xlfn.XLOOKUP(K15,Rootcauses!$B$2:$B$21,Rootcauses!$E$2:$E$21) | N15: =_xlfn.XLOOKUP(K15,Rootcauses!$B$2:$B$21,Rootcauses!$F$2:$F$21) | O15: =B15&"- "&I15&" - "&J15
A16: 15 | B16: SC4 – S17 | C16: Tendered carrier (Actual) | D16: Completeness (All) | E16: {=_xlfn.TEXTSPLIT(D16,"(")} | F16: All) | G16: {=_xlfn.TEXTSPLIT(C16,"(")} | H16: Actual) | I16: =SUBSTITUTE(H16,")","") | J16: =IF(K16="","No RCA","Not received because "&K16) | K16: CW1 configurations are not set up correctly to handle Bosch requirements | L16: =_xlfn.XLOOKUP(K16,Rootcauses!$B$2:$B$21,Rootcauses!$D$2:$D$21) | M16: =_xlfn.XLOOKUP(K16,Rootcauses!$B$2:$B$21,Rootcauses!$E$2:$E$21) | N16: =_xlfn.XLOOKUP(K16,Rootcauses!$B$2:$B$21,Rootcauses!$F$2:$F$21) | O16: =B16&"- "&I16&" - "&J16
A17: 16 | B17: SC4 – S17 | C17: Tendered carrier (Actual) | D17: Timeliness (All) | E17: {=_xlfn.TEXTSPLIT(D17,"(")} | F17: All) | G17: {=_xlfn.TEXTSPLIT(C17,"(")} | H17: Actual) | I17: =SUBSTITUTE(H17,")","") | J17: =IF(K17="","No RCA","Not received because "&K17) | K17: CW1 configurations are not set up correctly to handle Bosch requirements | L17: =_xlfn.XLOOKUP(K17,Rootcauses!$B$2:$B$21,Rootcauses!$D$2:$D$21) | M17: =_xlfn.XLOOKUP(K17,Rootcauses!$B$2:$B$21,Rootcauses!$E$2:$E$21) | N17: =_xlfn.XLOOKUP(K17,Rootcauses!$B$2:$B$21,Rootcauses!$F$2:$F$21) | O17: =B17&"- "&I17&" - "&J17
A18: 17 | B18: SC4 – S50 | C18: Received origin CFS (Actual) | D18: Completeness (All) | E18: {=_xlfn.TEXTSPLIT(D18,"(")} | F18: All) | G18: {=_xlfn.TEXTSPLIT(C18,"(")} | H18: Actual) | I18: =SUBSTITUTE(H18,")","") | J18: =IF(K18="","No RCA","Not received because "&K18) | K18: SOP to fill CW1 fields are not followed by Operators due to lack of resources | L18: =_xlfn.XLOOKUP(K18,Rootcauses!$B$2:$B$21,Rootcauses!$D$2:$D$21) | M18: =_xlfn.XLOOKUP(K18,Rootcauses!$B$2:$B$21,Rootcauses!$E$2:$E$21) | N18: =_xlfn.XLOOKUP(K18,Rootcauses!$B$2:$B$21,Rootcauses!$F$2:$F$21) | O18: =B18&"- "&I18&" - "&J18
A19: 18 | B19: SC4 – S50 | C19: Received origin CFS (Actual) | D19: Timeliness (All) | E19: {=_xlfn.TEXTSPLIT(D19,"(")} | F19: All) | G19: {=_xlfn.TEXTSPLIT(C19,"(")} | H19: Actual) | I19: =SUBSTITUTE(H19,")","") | J19: =IF(K19="","No RCA","Not received because "&K19) | K19: CW1 configurations are not set up correctly to handle Bosch requirements | L19: =_xlfn.XLOOKUP(K19,Rootcauses!$B$2:$B$21,Rootcauses!$D$2:$D$21) | M19: =_xlfn.XLOOKUP(K19,Rootcauses!$B$2:$B$21,Rootcauses!$E$2:$E$21) | N19: =_xlfn.XLOOKUP(K19,Rootcauses!$B$2:$B$21,Rootcauses!$F$2:$F$21) | O19: =B19&"- "&I19&" - "&J19
A20: 19 | B20: SC4 – S04 | C20: Vessel/flight departed (Estimated) | D20: Completeness (Critical) | E20: {=_xlfn.TEXTSPLIT(D20,"(")} | F20: Critical) | G20: {=_xlfn.TEXTSPLIT(C20,"(")} | H20: Estimated) | I20: =SUBSTITUTE(H20,")","") | J20: =IF(K20="","No RCA","Not received because "&K20) | K20: The Consol is not attached to shipment with "is Linked" Flag | L20: =_xlfn.XLOOKUP(K20,Rootcauses!$B$2:$B$21,Rootcauses!$D$2:$D$21) | M20: =_xlfn.XLOOKUP(K20,Rootcauses!$B$2:$B$21,Rootcauses!$E$2:$E$21) | N20: =_xlfn.XLOOKUP(K20,Rootcauses!$B$2:$B$21,Rootcauses!$F$2:$F$21) | O20: =B20&"- "&I20&" - "&J20
A21: 20 | B21: SC4 – S04 | C21: Vessel/flight departed (Estimated) | D21: Timeliness (Critical) | E21: {=_xlfn.TEXTSPLIT(D21,"(")} | F21: Critical) | G21: {=_xlfn.TEXTSPLIT(C21,"(")} | H21: Estimated) | I21: =SUBSTITUTE(H21,")","") | J21: =IF(K21="","No RCA","Not received because "&K21) | K21: The Consol is not attached to shipment with "is Linked" Flag | L21: =_xlfn.XLOOKUP(K21,Rootcauses!$B$2:$B$21,Rootcauses!$D$2:$D$21) | M21: =_xlfn.XLOOKUP(K21,Rootcauses!$B$2:$B$21,Rootcauses!$E$2:$E$21) | N21: =_xlfn.XLOOKUP(K21,Rootcauses!$B$2:$B$21,Rootcauses!$F$2:$F$21) | O21: =B21&"- "&I21&" - "&J21
A22: 21 | B22: SC4 – S04 | C22: Vessel/flight departed (Actual) | D22: Completeness (Critical) | E22: {=_xlfn.TEXTSPLIT(D22,"(")} | F22: Critical) | G22: {=_xlfn.TEXTSPLIT(C22,"(")} | H22: Actual) | I22: =SUBSTITUTE(H22,")","") | J22: =IF(K22="","No RCA","Not received because "&K22) | K22: The Consol is not attached to shipment with "is Linked" Flag | L22: =_xlfn.XLOOKUP(K22,Rootcauses!$B$2:$B$21,Rootcauses!$D$2:$D$21) | M22: =_xlfn.XLOOKUP(K22,Rootcauses!$B$2:$B$21,Rootcauses!$E$2:$E$21) | N22: =_xlfn.XLOOKUP(K22,Rootcauses!$B$2:$B$21,Rootcauses!$F$2:$F$21) | O22: =B22&"- "&I22&" - "&J22
A23: 22 | B23: SC4 – S04 | C23: Vessel/flight departed (Actual) | D23: Timeliness (Critical) | E23: {=_xlfn.TEXTSPLIT(D23,"(")} | F23: Critical) | G23: {=_xlfn.TEXTSPLIT(C23,"(")} | H23: Actual) | I23: =SUBSTITUTE(H23,")","") | J23: =IF(K23="","No RCA","Not received because "&K23) | K23: The Consol is not attached to shipment with "is Linked" Flag | L23: =_xlfn.XLOOKUP(K23,Rootcauses!$B$2:$B$21,Rootcauses!$D$2:$D$21) | M23: =_xlfn.XLOOKUP(K23,Rootcauses!$B$2:$B$21,Rootcauses!$E$2:$E$21) | N23: =_xlfn.XLOOKUP(K23,Rootcauses!$B$2:$B$21,Rootcauses!$F$2:$F$21) | O23: =B23&"- "&I23&" - "&J23
A24: 23 | B24: SC4 – S07 | C24: Vessel/flight arrived (Estimated) | D24: Completeness (Critical) | E24: {=_xlfn.TEXTSPLIT(D24,"(")} | F24: Critical) | G24: {=_xlfn.TEXTSPLIT(C24,"(")} | H24: Estimated) | I24: =SUBSTITUTE(H24,")","") | J24: =IF(K24="","No RCA","Not received because "&K24) | K24: The Consol is not attached to shipment with "is Linked" Flag | L24: =_xlfn.XLOOKUP(K24,Rootcauses!$B$2:$B$21,Rootcauses!$D$2:$D$21) | M24: =_xlfn.XLOOKUP(K24,Rootcauses!$B$2:$B$21,Rootcauses!$E$2:$E$21) | N24: =_xlfn.XLOOKUP(K24,Rootcauses!$B$2:$B$21,Rootcauses!$F$2:$F$21) | O24: =B24&"- "&I24&" - "&J24
... A43: 42 | B43: SC4 – S31 | C43: Delivered (Actual) | D43: Timeliness (Critical) | E43: {=_xlfn.TEXTSPLIT(D43,"(")} | F43: Critical) | G43: {=_xlfn.TEXTSPLIT(C43,"(")} | H43: Actual) | I43: =SUBSTITUTE(H43,")","") | J43: =IF(K43="","No RCA","Not received because "&K43) | K43: Milestone is dependent on Manual input and is missed due to Lack of resources | L43: =_xlfn.XLOOKUP(K43,Rootcauses!$B$2:$B$21,Rootcauses!$D$2:$D$21) | M43: =_xlfn.XLOOKUP(K43,Rootcauses!$B$2:$B$21,Rootcauses!$E$2:$E$21) | N43: =_xlfn.XLOOKUP(K43,Rootcauses!$B$2:$B$21,Rootcauses!$F$2:$F$21) | O43: =B43&"- "&I43&" - "&J43
A44: 43 | B44: SC3 – S60 | C44: Pre Booking confirmed (Actual) | D44: Completeness (All) | E44: {=_xlfn.TEXTSPLIT(D44,"(")} | F44: All) | G44: {=_xlfn.TEXTSPLIT(C44,"(")} | H44: Actual) | I44: =SUBSTITUTE(H44,")","") | J44: =IF(K44="","No RCA","Not received because "&K44) | L44: =_xlfn.XLOOKUP(K44,Rootcauses!$B$2:$B$21,Rootcauses!$D$2:$D$21) | M44: =_xlfn.XLOOKUP(K44,Rootcauses!$B$2:$B$21,Rootcauses!$E$2:$E$21) | N44: =_xlfn.XLOOKUP(K44,Rootcauses!$B$2:$B$21,Rootcauses!$F$2:$F$21) | O44: =B44&"- "&I44&" - "&J44
A45: 44 | B45: SC3 – S60 | C45: Pre Booking confirmed (Actual) | D45: Timeliness (All) | E45: {=_xlfn.TEXTSPLIT(D45,"(")} | F45: All) | G45: {=_xlfn.TEXTSPLIT(C45,"(")} | H45: Actual) | I45: =SUBSTITUTE(H45,")","") | J45: =IF(K45="","No RCA","Not received because "&K45) | L45: =_xlfn.XLOOKUP(K45,Rootcauses!$B$2:$B$21,Rootcauses!$D$2:$D$21) | M45: =_xlfn.XLOOKUP(K45,Rootcauses!$B$2:$B$21,Rootcauses!$E$2:$E$21) | N45: =_xlfn.XLOOKUP(K45,Rootcauses!$B$2:$B$21,Rootcauses!$F$2:$F$21) | O45: =B45&"- "&I45&" - "&J45
A46: 45 | B46: SC3 – S52 | C46: Empty Container picked up (Actual) | D46: Completeness (All) | E46: {=_xlfn.TEXTSPLIT(D46,"(")} | F46: All) | G46: {=_xlfn.TEXTSPLIT(C46,"(")} | H46: Actual) | I46: =SUBSTITUTE(H46,")","") | J46: =IF(K46="","No RCA","Not received because "&K46) | K46: CW1 configurations are not set up correctly to handle Bosch requirements | L46: =_xlfn.XLOOKUP(K46,Rootcauses!$B$2:$B$21,Rootcauses!$D$2:$D$21) | M46: =_xlfn.XLOOKUP(K46,Rootcauses!$B$2:$B$21,Rootcauses!$E$2:$E$21) | N46: =_xlfn.XLOOKUP(K46,Rootcauses!$B$2:$B$21,Rootcauses!$F$2:$F$21) | O46: =B46&"- "&I46&" - "&J46
A47: 46 | B47: SC3 – S52 | C47: Empty Container picked up (Actual) | D47: Timeliness (All) | E47: {=_xlfn.TEXTSPLIT(D47,"(")} | F47: All) | G47: {=_xlfn.TEXTSPLIT(C47,"(")} | H47: Actual) | I47: =SUBSTITUTE(H47,")","") | J47: =IF(K47="","No RCA","Not received because "&K47) | K47: CW1 configurations are not set up correctly to handle Bosch requirements | L47: =_xlfn.XLOOKUP(K47,Rootcauses!$B$2:$B$21,Rootcauses!$D$2:$D$21) | M47: =_xlfn.XLOOKUP(K47,Rootcauses!$B$2:$B$21,Rootcauses!$E$2:$E$21) | N47: =_xlfn.XLOOKUP(K47,Rootcauses!$B$2:$B$21,Rootcauses!$F$2:$F$21) | O47: =B47&"- "&I47&" - "&J47
A48: 47 | B48: SC3 – S02 | C48: Collected (Actual) | D48: Completeness (Critical) | E48: {=_xlfn.TEXTSPLIT(D48,"(")} | F48: Critical) | G48: {=_xlfn.TEXTSPLIT(C48,"(")} | H48: Actual) | I48: =SUBSTITUTE(H48,")","") | J48: =IF(K48="","No RCA","Not received because "&K48) | K48: Manual milestones not updated on time by Operators due to lack of resources | L48: =_xlfn.XLOOKUP(K48,Rootcauses!$B$2:$B$21,Rootcauses!$D$2:$D$21) | M48: =_xlfn.XLOOKUP(K48,Rootcauses!$B$2:$B$21,Rootcauses!$E$2:$E$21) | N48: =_xlfn.XLOOKUP(K48,Rootcauses!$B$2:$B$21,Rootcauses!$F$2:$F$21) | O48: =B48&"- "&I48&" - "&J48
A49: 48 | B49: SC3 – S02 | C49: Collected (Actual) | D49: Timeliness (Critical) | E49: {=_xlfn.TEXTSPLIT(D49,"(")} | F49: Critical) | G49: {=_xlfn.TEXTSPLIT(C49,"(")} | H49: Actual) | I49: =SUBSTITUTE(H49,")","") | J49: =IF(K49="","No RCA","Not received because "&K49) | K49: Manual milestones not updated on time by Operators due to lack of resources | L49: =_xlfn.XLOOKUP(K49,Rootcauses!$B$2:$B$21,Rootcauses!$D$2:$D$21) | M49: =_xlfn.XLOOKUP(K49,Rootcauses!$B$2:$B$21,Rootcauses!$E$2:$E$21) | N49: =_xlfn.XLOOKUP(K49,Rootcauses!$B$2:$B$21,Rootcauses!$F$2:$F$21) | O49: =B49&"- "&I49&" - "&J49
A50: 49 | B50: SC3 – S02 | C50: Collected (Estimated) | D50: Completeness (Critical) | E50: {=_xlfn.TEXTSPLIT(D50,"(")} | F50: Critical) | G50: {=_xlfn.TEXTSPLIT(C50,"(")} | H50: Estimated) | I50: =SUBSTITUTE(H50,")","") | J50: =IF(K50="","No RCA","Not received because "&K50) | K50: Manual milestones not updated on time by Operators due to lack of resources | L50: =_xlfn.XLOOKUP(K50,Rootcauses!$B$2:$B$21,Rootcauses!$D$2:$D$21) | M50: =_xlfn.XLOOKUP(K50,Rootcauses!$B$2:$B$21,Rootcauses!$E$2:$E$21) | N50: =_xlfn.XLOOKUP(K50,Rootcauses!$B$2:$B$21,Rootcauses!$F$2:$F$21) | O50: =B50&"- "&I50&" - "&J50
A51: 50 | B51: SC3 – S02 | C51: Collected (Estimated) | D51: Timeliness (Critical) | E51: {=_xlfn.TEXTSPLIT(D51,"(")} | F51: Critical) | G51: {=_xlfn.TEXTSPLIT(C51,"(")} | H51: Estimated) | I51: =SUBSTITUTE(H51,")","") | J51: =IF(K51="","No RCA","Not received because "&K51) | K51: Manual milestones not updated on time by Operators due to lack of resources | L51: =_xlfn.XLOOKUP(K51,Rootcauses!$B$2:$B$21,Rootcauses!$D$2:$D$21) | M51: =_xlfn.XLOOKUP(K51,Rootcauses!$B$2:$B$21,Rootcauses!$E$2:$E$21) | N51: =_xlfn.XLOOKUP(K51,Rootcauses!$B$2:$B$21,Rootcauses!$F$2:$F$21) | O51: =B51&"- "&I51&" - "&J51
A52: 51 | B52: SC3 – S10 | C52: On hand at origin SVC (Actual) | D52: Completeness (All) | E52: {=_xlfn.TEXTSPLIT(D52,"(")} | F52: All) | G52: {=_xlfn.TEXTSPLIT(C52,"(")} | H52: Actual) | I52: =SUBSTITUTE(H52,")","") | J52: =IF(K52="","No RCA","Not received because "&K52) | K52: SOP to fill CW1 fields are not followed by Operators due to lack of resources | L52: =_xlfn.XLOOKUP(K52,Rootcauses!$B$2:$B$21,Rootcauses!$D$2:$D$21) | M52: =_xlfn.XLOOKUP(K52,Rootcauses!$B$2:$B$21,Rootcauses!$E$2:$E$21) | N52: =_xlfn.XLOOKUP(K52,Rootcauses!$B$2:$B$21,Rootcauses!$F$2:$F$21) | O52: =B52&"- "&I52&" - "&J52
A53: 52 | B53: SC3 – S10 | C53: On hand at origin SVC (Actual) | D53: Timeliness (All) | E53: {=_xlfn.TEXTSPLIT(D53,"(")} | F53: All) | G53: {=_xlfn.TEXTSPLIT(C53,"(")} | H53: Actual) | I53: =SUBSTITUTE(H53,")","") | J53: =IF(K53="","No RCA","Not received because "&K53) | K53: SOP to fill CW1 fields are not followed by Operators due to lack of resources | L53: =_xlfn.XLOOKUP(K53,Rootcauses!$B$2:$B$21,Rootcauses!$D$2:$D$21) | M53: =_xlfn.XLOOKUP(K53,Rootcauses!$B$2:$B$21,Rootcauses!$E$2:$E$21) | N53: =_xlfn.XLOOKUP(K53,Rootcauses!$B$2:$B$21,Rootcauses!$F$2:$F$21) | O53: =B53&"- "&I53&" - "&J53
A54: 53 | B54: SC3 – S50 | C54: Received origin CFS (Actual) | D54: Completeness (All) | E54: {=_xlfn.TEXTSPLIT(D54,"(")} | F54: All) | G54: {=_xlfn.TEXTSPLIT(C54,"(")} | H54: Actual) | I54: =SUBSTITUTE(H54,")","") | J54: =IF(K54="","No RCA","Not received because "&K54) | K54: Manual milestones not updated on time by Operators due to lack of resources | L54: =_xlfn.XLOOKUP(K54,Rootcauses!$B$2:$B$21,Rootcauses!$D$2:$D$21) | M54: =_xlfn.XLOOKUP(K54,Rootcauses!$B$2:$B$21,Rootcauses!$E$2:$E$21) | N54: =_xlfn.XLOOKUP(K54,Rootcauses!$B$2:$B$21,Rootcauses!$F$2:$F$21) | O54: =B54&"- "&I54&" - "&J54
A55: 54 | B55: SC3 – S50 | C55: Received origin CFS (Actual) | D55: Timeliness (All) | E55: {=_xlfn.TEXTSPLIT(D55,"(")} | F55: All) | G55: {=_xlfn.TEXTSPLIT(C55,"(")} | H55: Actual) | I55: =SUBSTITUTE(H55,")","") | J55: =IF(K55="","No RCA","Not received because "&K55) | K55: Manual milestones not updated on time by Operators due to lack of resources | L55: =_xlfn.XLOOKUP(K55,Rootcauses!$B$2:$B$21,Rootcauses!$D$2:$D$21) | M55: =_xlfn.XLOOKUP(K55,Rootcauses!$B$2:$B$21,Rootcauses!$E$2:$E$21) | N55: =_xlfn.XLOOKUP(K55,Rootcauses!$B$2:$B$21,Rootcauses!$F$2:$F$21) | O55: =B55&"- "&I55&" - "&J55
A56: 55 | B56: SC3 – S53 | C56: Full Container loaded on vessel (Actual) | D56: Completeness (All) | E56: {=_xlfn.TEXTSPLIT(D56,"(")} | F56: All) | G56: {=_xlfn.TEXTSPLIT(C56,"(")} | H56: Actual) | I56: =SUBSTITUTE(H56,")","") | J56: =IF(K56="","No RCA","Not received because "&K56) | K56: CW1 configurations are not set up correctly to handle Bosch requirements | L56: =_xlfn.XLOOKUP(K56,Rootcauses!$B$2:$B$21,Rootcauses!$D$2:$D$21) | M56: =_xlfn.XLOOKUP(K56,Rootcauses!$B$2:$B$21,Rootcauses!$E$2:$E$21) | N56: =_xlfn.XLOOKUP(K56,Rootcauses!$B$2:$B$21,Rootcauses!$F$2:$F$21) | O56: =B56&"- "&I56&" - "&J56
A57: 56 | B57: SC3 – S53 | C57: Full Container loaded on vessel (Actual) | D57: Timeliness (All) | E57: {=_xlfn.TEXTSPLIT(D57,"(")} | F57: All) | G57: {=_xlfn.TEXTSPLIT(C57,"(")} | H57: Actual) | I57: =SUBSTITUTE(H57,")","") | J57: =IF(K57="","No RCA","Not received because "&K57) | K57: CW1 configurations are not set up correctly to handle Bosch requirements | L57: =_xlfn.XLOOKUP(K57,Rootcauses!$B$2:$B$21,Rootcauses!$D$2:$D$21) | M57: =_xlfn.XLOOKUP(K57,Rootcauses!$B$2:$B$21,Rootcauses!$E$2:$E$21) | N57: =_xlfn.XLOOKUP(K57,Rootcauses!$B$2:$B$21,Rootcauses!$F$2:$F$21) | O57: =B57&"- "&I57&" - "&J57
... A83: 82 | B83: SC3 – S55 | C83: Empty Container returned (Actual) | D83: Timeliness (All) | E83: {=_xlfn.TEXTSPLIT(D83,"(")} | F83: All) | G83: {=_xlfn.TEXTSPLIT(C83,"(")} | H83: Actual) | I83: =SUBSTITUTE(H83,")","") | J83: =IF(K83="","No RCA","Not received because "&K83) | K83: Milestone is dependent on Manual input and is missed due to Lack of resources | L83: =_xlfn.XLOOKUP(K83,Rootcauses!$B$2:$B$21,Rootcauses!$D$2:$D$21) | M83: =_xlfn.XLOOKUP(K83,Rootcauses!$B$2:$B$21,Rootcauses!$E$2:$E$21) | N83: =_xlfn.XLOOKUP(K83,Rootcauses!$B$2:$B$21,Rootcauses!$F$2:$F$21) | O83: =B83&"- "&I83&" - "&J83
A84: 83 | B84: SC4 – S07 | C84: For "to Port" Shipments, milestone estimates are not received 7 days before of the actual Milestone event | D84: ETA accuracy 2P | I84: Estimates are not received 7 days before of the Actual event | J84: =IF(K84="","No RCA","Not received because "&K84) | K84: CW1 lacks chronological sequence validation | L84: =_xlfn.XLOOKUP(K84,Rootcauses!$B$2:$B$21,Rootcauses!$D$2:$D$21) | M84: =_xlfn.XLOOKUP(K84,Rootcauses!$B$2:$B$21,Rootcauses!$E$2:$E$21) | N84: =_xlfn.XLOOKUP(K84,Rootcauses!$B$2:$B$21,Rootcauses!$F$2:$F$21) | O84: =B84&"- "&I84&" - "&J84
A85: 84 | B85: SC3 – S07 | C85: For "to Port" Shipments, milestone estimates are not received 7 days before of the actual Milestone event | D85: ETA accuracy 2P | I85: Estimates are not received 7 days before of the Actual event | J85: =IF(K85="","No RCA","Not received because "&K85) | K85: CW1 lacks chronological sequence validation | L85: =_xlfn.XLOOKUP(K85,Rootcauses!$B$2:$B$21,Rootcauses!$D$2:$D$21) | M85: =_xlfn.XLOOKUP(K85,Rootcauses!$B$2:$B$21,Rootcauses!$E$2:$E$21) | N85: =_xlfn.XLOOKUP(K85,Rootcauses!$B$2:$B$21,Rootcauses!$F$2:$F$21) | O85: =B85&"- "&I85&" - "&J85
A86: 85 | B86: SC4 – S31 | C86: For "to Door" Shipments, milestone estimates are not received 7 days before of the actual Milestone event | D86: ETA accuracy 2D | I86: Estimates are not received 7 days before of the Actual event | J86: =IF(K86="","No RCA","Not received because "&K86) | K86: CW1 lacks chronological sequence validation | L86: =_xlfn.XLOOKUP(K86,Rootcauses!$B$2:$B$21,Rootcauses!$D$2:$D$21) | M86: =_xlfn.XLOOKUP(K86,Rootcauses!$B$2:$B$21,Rootcauses!$E$2:$E$21) | N86: =_xlfn.XLOOKUP(K86,Rootcauses!$B$2:$B$21,Rootcauses!$F$2:$F$21) | O86: =B86&"- "&I86&" - "&J86
A87: 86 | B87: SC3 – S31 | C87: For "to Door" Shipments, milestone estimates are not received 7 days before of the actual Milestone event | D87: ETA accuracy 2D | I87: Estimates are not received 7 days before of the Actual event | J87: =IF(K87="","No RCA","Not received because "&K87) | K87: CW1 lacks chronological sequence validation | L87: =_xlfn.XLOOKUP(K87,Rootcauses!$B$2:$B$21,Rootcauses!$D$2:$D$21) | M87: =_xlfn.XLOOKUP(K87,Rootcauses!$B$2:$B$21,Rootcauses!$E$2:$E$21) | N87: =_xlfn.XLOOKUP(K87,Rootcauses!$B$2:$B$21,Rootcauses!$F$2:$F$21) | O87: =B87&"- "&I87&" - "&J87
A88: 87 | B88: SC4 - <Origin> | C88: Shipment received by Bosch doesn't have the CIV or DN reference | I88: Shipment received by Bosch doesn't have the CIV or DN reference | J88: =IF(K88="","No RCA","Not received because "&K88) | K88: The refrences are not updated from CIV or PKL docs | L88: =_xlfn.XLOOKUP(K88,Rootcauses!$B$2:$B$21,Rootcauses!$D$2:$D$21) | M88: =_xlfn.XLOOKUP(K88,Rootcauses!$B$2:$B$21,Rootcauses!$E$2:$E$21) | N88: =_xlfn.XLOOKUP(K88,Rootcauses!$B$2:$B$21,Rootcauses!$F$2:$F$21) | O88: =B88&"- "&I88&" - "&J88
A89: 88 | B89: SC4 - <Origin> | C89: Shipment received by Bosch has the CIV or DN reference but do not have the correct data | I89: Shipment received by Bosch has the CIV or DN reference but do not have the correct data | J89: =IF(K89="","No RCA","Not received because "&K89) | K89: The refrences are not updated from CIV or PKL docs | L89: =_xlfn.XLOOKUP(K89,Rootcauses!$B$2:$B$21,Rootcauses!$D$2:$D$21) | M89: =_xlfn.XLOOKUP(K89,Rootcauses!$B$2:$B$21,Rootcauses!$E$2:$E$21) | N89: =_xlfn.XLOOKUP(K89,Rootcauses!$B$2:$B$21,Rootcauses!$F$2:$F$21) | O89: =B89&"- "&I89&" - "&J89

Sheet Rootcauses
A1: Num | B1: Rootcause | C1: counter measure | D1: Measure 1 | E1: Measure 2 | F1: Measure 3
A2: 1 | B2: SOP to fill CW1 fields are not followed by Operators due to lack of resources | C2: add FTEs | D2: Dedicated Ops owner is 3 most afftected Regions (GCA + NEC + CSE) to focus on completness of Manual milestones S02, S31, S00 | E2: Ops retraining in Problemetic area | F2: Dedicated Ops owner is 3 most afftected Regions (GCA + NEC + CSE) to focus on Timeliness of Manual milestones S02, S31, S00
A3: 2 | B3: CW1 configurations are not set up correctly to handle Bosch requirements | C3: Tech workflow | D3: Implement Mandatory Field Validation in CW1 , causing EDI faliure | E3: Review the legacy system shipments flow for the branch in Japan | F3: Review the legacy system shipments flow for the branch in Japan
A4: 3 | B4: CW1 lacks chronological sequence validation | C4: Tech workflow | D4: Implement date sequence field validation in CW1 for Milestone | E4: Optmise automation flow of ETD / ETA Milestones in operation system (CW1) | F4: Add Plausibility Measures into the Control Tower Dashboard
A5: 4 | B5: The Consol is not attached to shipment with "is Linked" Flag | D5: Optimise automation flow of ETD / ETA Milestones in operation system (CW1)
A6: 5 | B6: The HBL div mode is changed after receiving | D6: TS to review and address the data fields completition across Maersk systems (CW1, ALP, Seeburger) causing failures in the EDI delivery of critical milestones to Bosch system | E6: Fix S45 trigger based on the HBL div mode
A7: 6 | B7: The refrences are not updated from CIV or PKL docs | D7: Review Feasibility of Compliance AI Tool Matching Invoice & Delivery Note Numbers | E7: Ops retraining in Problemetic area | F7: Ramp up SC3 Volume from 40% to 80%
A8: 7 | B8: Manual milestones not updated on time by Operators due to lack of resources | C8: add FTEs | D8: Dedicated Ops owner is 3 most afftected Regions (GCA + NEC + CSE) to focus on completness of Manual milestones S02, S31, S00 | E8: Dedicated Ops owner is 3 most afftected Regions (GCA + NEC + CSE) to focus on Timeliness of Manual milestones S02, S31, S00
A9: 8 | B9: The Estimate updated too late in the lifecycle | D9: Optimise automation flow of ETD / ETA Milestones in operation system (CW1) | E9: Ops retraining in Problemetic area
A10: 9 | B10: Milestone is dependent on Manual input and is missed due to Lack of resources | C10: add FTEs | D10: Dedicated Ops owner is 3 most afftected Regions (GCA + NEC + CSE) to focus on completness of Manual milestones S02, S31, S00 | E10: Dedicated Ops owner is 3 most afftected Regions (GCA + NEC + CSE) to focus on Timeliness of Manual milestones S02, S31, S00
A11: 10 | B11: The Automation of the Milestones is not working based the DEX events | C11: Tech workflow | D11: Retrigger missing Milestones for delivered Shipments
A12: 11 | B12: Ops discipline in updating refrences in MY, TH | D12: Ops retraining in Problemetic area
A13: 12
A14: 13
A15: 14
A16: 15
A17: 16
A18: 17
A19: 18
A20: 19
A21: 20

Sheet Measures
A1: Nr. | B1: Measures | C1: Category | D1: Responsible | G1: Link to RootCause
A3: 1 | B3: TS to review and address the data fields completition across Maersk systems (CW1, ALP, Seeburger) causing failures in the EDI delivery of critical milestones to Bosch system | C3: Completeness | D3: Maersk ( Akhil) | G3: {=_xlfn.TEXTJOIN(", ", TRUE, IF('Mapping Prob-Root'!$L$2:$L$100 = B3, 'Mapping Prob-Root'!$A$2:$A$100, ""))&" "& _xlfn.TEXTJOIN(", ", TRUE, IF('Mapping Prob-Root'!$M$2:$M$100 = B3, 'Mapping Prob-Root'!$A$2:$A$100, ""))&" "& _xlfn.TEXTJOIN(", ", TRUE, IF('Mapping Prob-Root'!$N$2:$N$100 = B3, 'Mapping Prob-Root'!$A$2:$A$100, ""))}
A4: 2 | B4: TS to review and address the data fields completition across Maersk systems (CW1, ALP, Seeburger) causing failures in the EDI delivery of critical milestones to Bosch system | C4: Timeliness | D4: Maersk ( Akhil) | G4: {=_xlfn.TEXTJOIN(", ", TRUE, IF('Mapping Prob-Root'!$L$2:$L$100 = B4, 'Mapping Prob-Root'!$A$2:$A$100, ""))&" "& _xlfn.TEXTJOIN(", ", TRUE, IF('Mapping Prob-Root'!$M$2:$M$100 = B4, 'Mapping Prob-Root'!$A$2:$A$100, ""))&" "& _xlfn.TEXTJOIN(", ", TRUE, IF('Mapping Prob-Root'!$N$2:$N$100 = B4, 'Mapping Prob-Root'!$A$2:$A$100, ""))}
A5: 3 | B5: Optmise automation flow of ETD / ETA Milestones in operation system (CW1) | C5: ETA accuracy 2P | D5: Maersk (Timmy) | G5: {=_xlfn.TEXTJOIN(", ", TRUE, IF('Mapping Prob-Root'!$L$2:$L$100 = B5, 'Mapping Prob-Root'!$A$2:$A$100, ""))&" "& _xlfn.TEXTJOIN(", ", TRUE, IF('Mapping Prob-Root'!$M$2:$M$100 = B5, 'Mapping Prob-Root'!$A$2:$A$100, ""))&" "& _xlfn.TEXTJOIN(", ", TRUE, IF('Mapping Prob-Root'!$N$2:$N$100 = B5, 'Mapping Prob-Root'!$A$2:$A$100, ""))}
A6: 4 | B6: Ramp up SC3 Volume from 40% to 80% | C6: Completeness (All) | D6: Bosch | G6: {=_xlfn.TEXTJOIN(", ", TRUE, IF('Mapping Prob-Root'!$L$2:$L$100 = B6, 'Mapping Prob-Root'!$A$2:$A$100, ""))&" "& _xlfn.TEXTJOIN(", ", TRUE, IF('Mapping Prob-Root'!$M$2:$M$100 = B6, 'Mapping Prob-Root'!$A$2:$A$100, ""))&" "& _xlfn.TEXTJOIN(", ", TRUE, IF('Mapping Prob-Root'!$N$2:$N$100 = B6, 'Mapping Prob-Root'!$A$2:$A$100, ""))}
A7: 5 | B7: Ramp up SC3 Volume from 40% to 80% | C7: Timeliness (All) | D7: Bosch | G7: {=_xlfn.TEXTJOIN(", ", TRUE, IF('Mapping Prob-Root'!$L$2:$L$100 = B7, 'Mapping Prob-Root'!$A$2:$A$100, ""))&" "& _xlfn.TEXTJOIN(", ", TRUE, IF('Mapping Prob-Root'!$M$2:$M$100 = B7, 'Mapping Prob-Root'!$A$2:$A$100, ""))&" "& _xlfn.TEXTJOIN(", ", TRUE, IF('Mapping Prob-Root'!$N$2:$N$100 = B7, 'Mapping Prob-Root'!$A$2:$A$100, ""))}
A8: 6 | B8: Ramp up SC3 Volume from 40% to 80% | C8: Reference Quality | D8: Bosch | G8: {=_xlfn.TEXTJOIN(", ", TRUE, IF('Mapping Prob-Root'!$L$2:$L$100 = B8, 'Mapping Prob-Root'!$A$2:$A$100, ""))&" "& _xlfn.TEXTJOIN(", ", TRUE, IF('Mapping Prob-Root'!$M$2:$M$100 = B8, 'Mapping Prob-Root'!$A$2:$A$100, ""))&" "& _xlfn.TEXTJOIN(", ", TRUE, IF('Mapping Prob-Root'!$N$2:$N$100 = B8, 'Mapping Prob-Root'!$A$2:$A$100, ""))}
A9: 7 | B9: Optimise automation flow of ETD / ETA Milestones in operation system (CW1) | C9: ETA accuracy 2D | D9: Maersk (Timmy) | G9: {=_xlfn.TEXTJOIN(", ", TRUE, IF('Mapping Prob-Root'!$L$2:$L$100 = B9, 'Mapping Prob-Root'!$A$2:$A$100, ""))&" "& _xlfn.TEXTJOIN(", ", TRUE, IF('Mapping Prob-Root'!$M$2:$M$100 = B9, 'Mapping Prob-Root'!$A$2:$A$100, ""))&" "& _xlfn.TEXTJOIN(", ", TRUE, IF('Mapping Prob-Root'!$N$2:$N$100 = B9, 'Mapping Prob-Root'!$A$2:$A$100, ""))}
A10: 8 | B10: Implement Mandatory Field Validation in CW1 , causing EDI faliure | C10: Timeliness | D10: Maersk (Timmy) | G10: {=_xlfn.TEXTJOIN(", ", TRUE, IF('Mapping Prob-Root'!$L$2:$L$100 = B10, 'Mapping Prob-Root'!$A$2:$A$100, ""))&" "& _xlfn.TEXTJOIN(", ", TRUE, IF('Mapping Prob-Root'!$M$2:$M$100 = B10, 'Mapping Prob-Root'!$A$2:$A$100, ""))&" "& _xlfn.TEXTJOIN(", ", TRUE, IF('Mapping Prob-Root'!$N$2:$N$100 = B10, 'Mapping Prob-Root'!$A$2:$A$100, ""))}
A11: 9 | B11: Review Feasibility of Compliance AI Tool Matching Invoice & Delivery Note Numbers | C11: Reference Quality | D11: Maersk (Harsh) | G11: {=_xlfn.TEXTJOIN(", ", TRUE, IF('Mapping Prob-Root'!$L$2:$L$100 = B11, 'Mapping Prob-Root'!$A$2:$A$100, ""))&" "& _xlfn.TEXTJOIN(", ", TRUE, IF('Mapping Prob-Root'!$M$2:$M$100 = B11, 'Mapping Prob-Root'!$A$2:$A$100, ""))&" "& _xlfn.TEXTJOIN(", ", TRUE, IF('Mapping Prob-Root'!$N$2:$N$100 = B11, 'Mapping Prob-Root'!$A$2:$A$100, ""))}
A12: 10 | B12: Review the legacy system shipments flow for the branch in Japan | C12: Completeness | D12: Maersk ( Josh) | G12: {=_xlfn.TEXTJOIN(", ", TRUE, IF('Mapping Prob-Root'!$L$2:$L$100 = B12, 'Mapping Prob-Root'!$A$2:$A$100, ""))&" "& _xlfn.TEXTJOIN(", ", TRUE, IF('Mapping Prob-Root'!$M$2:$M$100 = B12, 'Mapping Prob-Root'!$A$2:$A$100, ""))&" "& _xlfn.TEXTJOIN(", ", TRUE, IF('Mapping Prob-Root'!$N$2:$N$100 = B12, 'Mapping Prob-Root'!$A$2:$A$100, ""))}
A13: 11 | B13: Review the legacy system shipments flow for the branch in Japan | C13: Timeliness | D13: Maersk ( Josh) | G13: {=_xlfn.TEXTJOIN(", ", TRUE, IF('Mapping Prob-Root'!$L$2:$L$100 = B13, 'Mapping Prob-Root'!$A$2:$A$100, ""))&" "& _xlfn.TEXTJOIN(", ", TRUE, IF('Mapping Prob-Root'!$M$2:$M$100 = B13, 'Mapping Prob-Root'!$A$2:$A$100, ""))&" "& _xlfn.TEXTJOIN(", ", TRUE, IF('Mapping Prob-Root'!$N$2:$N$100 = B13, 'Mapping Prob-Root'!$A$2:$A$100, ""))}
A14: 12 | B14: Add Plausibility Measures into the Control Tower Dashboard | C14: Plausability | D14: MAersk ( Jacob) | G14: {=_xlfn.TEXTJOIN(", ", TRUE, IF('Mapping Prob-Root'!$L$2:$L$100 = B14, 'Mapping Prob-Root'!$A$2:$A$100, ""))&" "& _xlfn.TEXTJOIN(", ", TRUE, IF('Mapping Prob-Root'!$M$2:$M$100 = B14, 'Mapping Prob-Root'!$A$2:$A$100, ""))&" "& _xlfn.TEXTJOIN(", ", TRUE, IF('Mapping Prob-Root'!$N$2:$N$100 = B14, 'Mapping Prob-Root'!$A$2:$A$100, ""))}
... A20: 18 | B20: Fix S45 trigger based on the HBL div mode | C20: Completeness (All) | D20: Maersk (Timmy) | G20: {=_xlfn.TEXTJOIN(", ", TRUE, IF('Mapping Prob-Root'!$L$2:$L$100 = B20, 'Mapping Prob-Root'!$A$2:$A$100, ""))&" "& _xlfn.TEXTJOIN(", ", TRUE, IF('Mapping Prob-Root'!$M$2:$M$100 = B20, 'Mapping Prob-Root'!$A$2:$A$100, ""))&" "& _xlfn.TEXTJOIN(", ", TRUE, IF('Mapping Prob-Root'!$N$2:$N$100 = B20, 'Mapping Prob-Root'!$A$2:$A$100, ""))}

Sheet Current State
A1: MAERSK Milestone Performance - Current State Analysis
A3: Overall Performance Summary
A5: Metric | B5: Current | C5: Target | D5: Gap
A6: Total Status Codes Required | B6: 43415 | C6: 43415 | D6: 0
A7: Overall Completion Rate | B7: 0.66497754 | C7: 0.95 | D7: 0.28502246
A8: Overall Timeliness Rate | B8: 0.41206956 | C8: 0.95 | D8: 0.53793044
A11: Milestone Performance Details
A13: Milestone | B13: Required | C13: Available | D13: In Time | E13: Completion % | F13: Timeliness % | G13: Completion Gap | H13: Timeliness Gap | I13: Total Impact | J13: Cumulative %
A14: S02 - Collected | B14: 5502 | C14: 4621 | D14: 1140 | E14: 0.83987641 | F14: 0.20719738 | G14: 0.11012359 | H14: 0.74280262 | I14: 4692.8 | J14: 0.131
A15: S31 - Delivered | B15: 4464 | C15: 3387 | D15: 1761 | E15: 0.75873656 | F15: 0.39448925 | G15: 0.19126344 | H15: 0.55551075 | I15: 3333.6 | J15: 0.225
A16: S13 - On hand at destination SVC | B16: 1779 | C16: 139 | D16: 89 | E16: 0.078133783 | F16: 0.050028106 | G16: 0.87186622 | H16: 0.89997189 | I16: 3152.1 | J16: 0.313
A17: S05 - In delivery | B17: 2232 | C17: 686 | D17: 542 | E17: 0.30734767 | F17: 0.24283154 | G17: 0.64265233 | H17: 0.70716846 | I17: 3012.8 | J17: 0.397
A18: S07 - Vessel/ flight arrived | B18: 6636 | C18: 5890 | D18: 4338 | E18: 0.88758288 | F18: 0.65370705 | G18: 0.062417119 | H18: 0.29629295 | I18: 2380.4 | J18: 0.464
A19: S04 - Vessel/ flight departed | B19: 6636 | C19: 6029 | D19: 4326 | E19: 0.90852923 | F19: 0.65189873 | G19: 0.041470766 | H19: 0.29810127 | I19: 2253.4 | J19: 0.527
A20: S51 - Arrived destination CFS | B20: 1539 | C20: 479 | D20: 322 | E20: 0.31124107 | F20: 0.20922677 | G20: 0.63875893 | H20: 0.74077323 | I20: 2123.1 | J20: 0.586
A21: S46 - Documents rcvd from shipper | B21: 1372 | C21: 427 | D21: 179 | E21: 0.31122449 | F21: 0.13046647 | G21: 0.63877551 | H21: 0.81953353 | I21: 2000.8 | J21: 0.642
A22: S00 - Shipment created | B22: 1372 | C22: 412 | D22: 406 | E22: 0.30029155 | F22: 0.29591837 | G22: 0.64970845 | H22: 0.65408163 | I22: 1788.8 | J22: 0.692
A23: S17 - Tendered carrier | B23: 1200 | C23: 419 | D23: 204 | E23: 0.34916667 | F23: 0.17 | G23: 0.60083333 | H23: 0.78 | I23: 1657 | J23: 0.739
A24: S11 - On hand at origin Hub/ CC | B24: 1200 | C24: 433 | D24: 297 | E24: 0.36083333 | F24: 0.2475 | G24: 0.58916667 | H24: 0.7025 | I24: 1550 | J24: 0.782
A25: S16 - Shipment booked with carrier | B25: 1372 | C25: 715 | D25: 551 | E25: 0.52113703 | F25: 0.4016035 | G25: 0.42886297 | H25: 0.5483965 | I25: 1340.8 | J25: 0.82
... A36: S61 - Pre-Booking declined | B36: 2 | C36: 2 | D36: 0 | E36: 1 | F36: 0 | G36: -0.05 | H36: 0.95 | I36: 1.8 | J36: 1

Sheet Pareto Analysis
A1: Pareto Analysis - 80/20 Impact
A3: Key Insight: Top 11 milestones (48% of total) contribute 80% of the performance impact
A5: Rank | B5: Milestone | C5: Total Impact | D5: Cumulative Impact | E5: Cumulative %
A6: 1 | B6: S02 - Collected | C6: 4692.8 | D6: 4692.8 | E6: 0.131 | F6: Critical
A7: 2 | B7: S31 - Delivered | C7: 3333.6 | D7: 8026.4 | E7: 0.225 | F7: Critical
A8: 3 | B8: S13 - On hand at destination SVC | C8: 3152.1 | D8: 11178.5 | E8: 0.313
A9: 4 | B9: S05 - In delivery | C9: 3012.8 | D9: 14191.3 | E9: 0.397 | F9: Container Level
A10: 5 | B10: S07 - Vessel/ flight arrived | C10: 2380.4 | D10: 16571.7 | E10: 0.464 | F10: Critical
A11: 6 | B11: S04 - Vessel/ flight departed | C11: 2253.4 | D11: 18825.1 | E11: 0.527 | F11: Critical
A12: 7 | B12: S51 - Arrived destination CFS | C12: 2123.1 | D12: 20948.2 | E12: 0.586 | F12: Container Level
A13: 8 | B13: S46 - Documents rcvd from shipper | C13: 2000.8 | D13: 22949 | E13: 0.642
A14: 9 | B14: S00 - Shipment created | C14: 1788.8 | D14: 24737.8 | E14: 0.692 | F14: Critical
A15: 10 | B15: S17 - Tendered carrier | C15: 1657 | D15: 26394.8 | E15: 0.739 | F15: Container Level
A16: 11 | B16: S11 - On hand at origin Hub/ CC | C16: 1550 | D16: 27944.8 | E16: 0.782
A17: 12 | B17: S16 - Shipment booked with carrier | C17: 1340.8 | D17: 29285.6 | E17: 0.82
A18: 13 | B18: S45 - Handover to broker | C18: 1234.6 | D18: 30520.2 | E18: 0.854
A19: 14 | B19: S18 - Recovered from carrier | C19: 1124.9 | D19: 31645.1 | E19: 0.886
A20: 15 | B20: S12 - On hand at destination Hub/ CC | C20: 966.9 | D20: 32612 | E20: 0.913
A21: 16 | B21: S10 - On hand at origin SVC | C21: 862.2 | D21: 33474.2 | E21: 0.937
A22: 17 | B22: S50 - Received origin CFS | C22: 808.1 | D22: 34282.3 | E22: 0.96
A23: 18 | B23: S54 - Full Container discharge from vessel | C23: 478.5 | D23: 34760.8 | E23: 0.973
A24: 19 | B24: S52 - Empty Container picked up | C24: 346 | D24: 35106.8 | E24: 0.983
A25: 20 | B25: S53 - Full Container loaded on vessel | C25: 293.5 | D25: 35400.3 | E25: 0.991
A26: 21 | B26: S55 - Empty Container returned | C26: 285.5 | D26: 35685.8 | E26: 0.999
A27: 22 | B27: S60 - Pre-Booking confirmed | C27: 40.9 | D27: 35726.7 | E27: 1
A28: 23 | B28: S61 - Pre-Booking declined | C28: 1.8 | D28: 35728.5 | E28: 1

Sheet Regional actions
A1: Region | B1: Action Item | C1: Metrics | D1: Priority | E1: Owner | F1: Name | G1: ETA | H1: Status
A2: EUR | B2: Check and confirm resourcing and FTE capacity to reach target by end April for the 3 areas: NEC, EME and CSE | C2: Missing Milestones | D2: P0 | E2: Area and Region LCL Ops leader | F2: Christine Kühl | G2: 46058 | H2: Completed, all areas confirmed capacity needs and approvals needed.
A3: APA | B3: Check and confirm resourcing and FTE capacity to reach target by end April for the 3 areas: GCA, SEA, MEK | D3: P0 | E3: Area and Region LCL Ops leader | F3: Jos Raaymakers | G3: 46058 | H3: SEA confirmed capacity. GCA to confirm back by 06-Feb.
A4: EUR | B4: Improve reporting quality of milestone completeness (with filters) to enable operations to be proactive. | D4: P0 | E4: Central reporting team | F4: Christine Kühl | G4: 46062 | H4: Daily reporting to be enhanced for ops to be more proactive. Call on Monday to be followed by report refining.
A5: GCA | B5: Conduct root cause analysis for 1195 missing milestones | C5: Missing Milestones | D5: P0 | E5: Regional Ops Lead | F5: Jos Raaymakers | G5: 46054 | H5: In Progress
A6: GCA | B6: Implement mandatory field validation at booking for 1446 milestones | C6: Missing Mandatory | D6: P0 | E6: Regional Ops Lead | F6: Jos Raaymakers | G6: 46054 | H6: Not Started
A7: CSE | B7: Reverse declining trend (661→701) milestones missing - Stop the bleeding | C7: Missing Milestones | D7: P0 | E7: Regional Ops Lead | F7: Christine Kühl | G7: 46054 | H7: Not Started
A8: CSE | B8: Fix 1521 missing mandatory information fields | C8: Missing Mandatory | D8: P0 | E8: Regional Ops Lead | F8: Christine Kühl | G8: 46054 | H8: Not Started
A9: NEC | B9: Continue improvement trend (892→753) - Accelerate | C9: Missing Milestones | D9: P0 | E9: Regional Ops Lead | F9: Christine Kühl | G9: 46054
A10: NEC | B10: Address 2676 mandatory info gaps (highest volume) | C10: Missing Mandatory | D10: P0 | E10: Data Quality Team | F10: Christine Kühl | G10: 46054 | H10: Not Started
A11: EME | B11: Sustain improvement | C11: Missing Milestones | D11: P1 | E11: Regional Ops Lead | F11: Christine Kühl | G11: 46054 | H11: In Progress
A12: EME | B12: Focus on Mandatory Fields missing (198) | C12: Missing Mandatory | D12: P1 | E12: Regional Ops Lead | F12: Christine Kühl | G12: 46054 | H12: In Progress
A13: SEA | B13: Reduce 275 missing milestones through standardization | C13: Missing Milestones | D13: P1 | E13: Regional Ops Lead | F13: Jos Raaymakers | G13: 46054 | H13: In Progress
A14: SEA | B14: Focus on Mandatory Fields (303) | C14: Missing Mandatory | F14: Jos Raaymakers | G14: 46054
A15: MEK | B15: Maintain strong performance (121 missing) - Monitor | C15: Missing Milestones | D15: P2 | E15: Regional Ops Lead | F15: Jos Raaymakers | G15: 46054 | H15: In Progress
A16: NEA | B16: Slight improvement opportunity (151→<100) | C16: Missing Milestones | D16: P2 | E16: Regional Ops Lead | F16: Jos Raaymakers | G16: 46054 | H16: Not Started

Sheet Targets
B2: Metrics name | C2: 2025.11 | D2: 2025.12 | F2: Week 4 | G2: 2026.04 Target | H2: 2026.04 Target
E3: Week 1-3 | G3: (Maersk proposal) | H3: (Bosch proposal) | I3: Comments
B4: Milestone Completeness ( S02,S04,S07,S31) | C4: 0.82 | D4: 0.84 | E4: 0.858 | F4: 0.865 | G4: 0.95 | H4: 0.95 | I4: ✅ ACHIEVABLE : - Fix top 3 Missing fields in CW1 (Process/Tech) - Path toward 80% SC3 booking (Bosch) - Sustainable fix by stricter validation in Workflows (Process/Tech)
B5: Milestone Timeliness ( S02,S04,S07,S31) | C5: 0.1 | D5: 0.22 | E5: 0.486 | F5: 0.455 | G5: ?? | H5: 0.95 | I5: ⚠️ STRETCH and EDI DEPENDENT: - 85% ONLY achievable at 80% SC3 (Bosch) - With Dedicated Control tower and proactive update we can hit Close to 60% (Operations)
B6: Milestone Completeness ( All) | C6: Not Measured | D6: Not Measured | E6: 0.858 | F6: 0.865 | G6: 0.9 | H6: 0.95 | I6: ✅ ACHIEVABLE - Fix top 3 Missing fields in CW1 yields 18,6 % increase - Can be achieved with due diligance from CT on proactively updating missing fields (Operations)
B7: Milestone Timeliness (All) | C7: Not Measured | D7: Not Measured | E7: 0.486 | F7: 0.455 | G7: ?? | H7: 0.95 | I7: ⚠️ EDI DEPENDENT - The timeliness metrics can't be met with current EDI ratio, SC3 booking needs to be at ~75% to hit 80 % timeliness or ~80% to achieve 85% timeliness
B8: SC4 Refrence Completeness | E8: 0.65 | F8: 0.65 | G8: ?? | H8: 0.95 | I8: -DN OR CIV Number at 91 % for Field present. But filtering out for Junk value it stands at 80 %; - Conversion of SC4 --> SC3 will drastically improve accuracy Data to be verifiied on wrong refrence by end of next week - Shared by Bosch on Wednesday EOD
B9: ETA accuracy/reliability 2P shipments | F9: 0.015 | H9: 0.95 | I9: Data to be analyzed by next week
B10: ETA accuracy/reliability 2D shipments | F10: 0.33 | H10: 0.95 | I10: Data to be analyzed by next week

Sheet ETA accuracy Port
A1: Port Shipment ETA Accuracy — January 2026 ARR
A2: 1235 Housebills with ARR in January 2026 | Dual-view: ≥7 Day Lead Time vs Any Lead Time
A4: VIEW 1: ETA Published ≥7 Days Before ARR | F4: VIEW 2: Latest ETA (Any Lead Time)
A6: Total Jan HBs | B6: With ≥7d ETA | C6: ETA <7d only | D6: No ETA | F6: Total Jan HBs | G6: With ETA | H6: Missing ETA | I6: Median Dev
A7: 1235 | B7: 65 | C7: 1165 | D7: 5 | F7: 1235 | G7: 1175 | H7: 5 | I7: 1.2h
A9: Of the 65 with ≥7d ETA: | F9: Of the 1175 with any ETA: | O9: =65/1235*100
A10: Within ±48h | B10: 19 | C10: 29.2% | F10: Within ±48h | G10: 1091 | H10: 92.9%
A11: Late (ARR after ETA) | B11: 39 | C11: 60.0% | F11: Late (ARR after ETA) | G11: 77 | H11: 6.6%
A12: Early (ARR before ETA) | B12: 7 | C12: 10.8% | F12: Early (ARR before ETA) | G12: 7 | H12: 0.6%
A14: ≥7d Accuracy (of matched): 19/65 = 29.2% | F14: Any-lead Accuracy (of matched): 1091/1175 = 92.9%
A15: ≥7d Accuracy (overall): 19/1235 = 1.5% | F15: Any-lead Accuracy (overall): 1091/1235 = 88.3%
A16: Median deviation: 50.2h | Mean: 75.8h
A18: Category | B18: Count | F18: Category | G18: Count
A19: Within ±48h | B19: 19 | F19: Within ±48h | G19: 1091
A20: Late | B20: 39 | F20: Late | G20: 77
A21: Early | B21: 7 | F21: Early | G21: 7
A22: ETA <7d (no qualifying) | B22: 1165 | F22: Missing ETA | G22: 5
A23: No ETA | B23: 5

Sheet POD estimate Accuracy
A1: Door Shipment POD Accuracy — Dual View Analysis
A2: 2642 Housebills with actual POD | POD_ estimate accuracy at ≥7 Day vs Any Lead Time
A4: VIEW 1: POD_ Published ≥7 Days Before POD | F4: VIEW 2: Latest POD_ (Any Lead Time)
A6: Total HBs | B6: With ≥7d POD_ | C6: POD_ <7d only | D6: No POD_ | F6: Total HBs | G6: With POD_ | H6: Missing POD_ | I6: Median Dev
A7: 2642 | B7: 2520 | C7: 120 | D7: 2 | F7: 2642 | G7: 2570 | H7: 2 | I7: 1.7h
A9: Of the 2520 with ≥7d POD_: | F9: Of the 2570 with any POD_:
A10: Within ±48h | B10: 840 | C10: 33.3% | F10: Within ±48h | G10: 1520 | H10: 59.1%
A11: Late | B11: 1617 | C11: 64.2% | F11: Late | G11: 1003 | H11: 39.0%
A12: Early | B12: 63 | C12: 2.5% | F12: Early | G12: 47 | H12: 1.8%
A14: ≥7d Accuracy (of matched): 840/2520 = 33.3% | F14: Any-lead Accuracy (matched): 1520/2570 = 59.1%
A15: ≥7d Accuracy (overall): 840/2642 = 31.8% | F15: Any-lead Accuracy (overall): 1520/2642 = 57.5%
A16: Median deviation: 209.3h | Mean: 848.8h | F16: Retroactive POD_ (published after POD): 701 HBs excluded
A18: Category | B18: Count | F18: Category | G18: Count
A19: Within ±48h | B19: 840 | F19: Within ±48h | G19: 1520
A20: Late | B20: 1617 | F20: Late | G20: 1003
A21: Early | B21: 63 | F21: Early | G21: 47
A22: POD_ <7d | B22: 120 | F22: Missing POD_ | G22: 2
A23: No POD_ | B23: 2

Sheet Evidence - Reference
A1: Reference Completeness — Breakdown by Origin Country
A3: ▸ All Weeks Aggregate (CW01–CW07, min. 5 shipments)
A4: Country Code | B4: Country Name | C4: Shipments | D4: Ref Complete (%) | E4: Gap Rate (%) | F4: CIV Rate (%) | G4: DN Rate (%) | H4: Both CIV+DN (%) | I4: Status
A5: MY | B5: Malaysia | C5: 115 | D5: 0 | E5: 1 | F5: 0 | G5: 0 | H5: 0 | I5: 🔴 Critical
A6: TH | B6: Thailand | C6: 125 | D6: 0.008 | E6: 0.992 | F6: 0 | G6: 0.008 | H6: 0 | I6: 🔴 Critical
A7: PL | B7: Poland | C7: 18 | D7: 0.055555556 | E7: 0.94444444 | F7: 0.055555556 | G7: 0.055555556 | H7: 0.055555556 | I7: 🔴 Critical
A8: FR | B8: France | C8: 20 | D8: 0.1 | E8: 0.9 | F8: 0 | G8: 0.1 | H8: 0 | I8: 🔴 Critical
A9: BE | B9: BE | C9: 8 | D9: 0.125 | E9: 0.875 | F9: 0 | G9: 0.125 | H9: 0 | I9: 🔴 Critical
A10: RO | B10: Romania | C10: 24 | D10: 0.20833333 | E10: 0.79166667 | F10: 0.16666667 | G10: 0.041666667 | H10: 0 | I10: 🔴 Critical
A11: GB | B11: GB | C11: 5 | D11: 0.4 | E11: 0.6 | F11: 0.2 | G11: 0.4 | H11: 0.2 | I11: 🟠 High
A12: ES | B12: Spain | C12: 34 | D12: 0.41176471 | E12: 0.58823529 | F12: 0.26470588 | G12: 0.29411765 | H12: 0.14705882 | I12: 🟠 High
A13: SG | B13: Singapore | C13: 22 | D13: 0.45454545 | E13: 0.54545455 | F13: 0 | G13: 0.45454545 | H13: 0 | I13: 🟠 High
A14: NL | B14: Netherlands | C14: 13 | D14: 0.46153846 | E14: 0.53846154 | F14: 0 | G14: 0.46153846 | H14: 0 | I14: 🟠 High
A15: JP | B15: Japan | C15: 232 | D15: 0.52155172 | E15: 0.47844828 | F15: 0.48275862 | G15: 0.077586207 | H15: 0.038793103 | I15: 🟠 High
A16: KR | B16: South Korea | C16: 51 | D16: 0.54901961 | E16: 0.45098039 | F16: 0.52941176 | G16: 0.019607843 | H16: 0 | I16: 🟠 High
... A32: SI | B32: SI | C32: 8 | D32: 1 | E32: 0 | F32: 0.875 | G32: 0.375 | H32: 0.25 | I32: 🟢 Low

Sheet Evidence - Sync & Plausibility
A1: SYNC, DTL & PLAUSIBILITY — Deep Analysis (16-Feb)
A3: THREE-SOURCE SYNC: ROOT CAUSE (from 16-Feb meeting)
A4: CargoWise → Track & Trace Excel: SAME data, full operational extract
A5: CargoWise → Maersk.com: Generic/public subset (standard offering only)
A6: CargoWise → Seeburger DTL → EDI to Bosch: Quality checks FILTER messages
A8: ROOT CAUSE: When DTL checks fail → message blocked → Bosch sees 'missing milestone'
A9: Error log exists internally but no structured feedback loop to operations
A10: PDCA REQUIRED: Document DTL checks, establish ops feedback loop, log monitoring
A13: SC3/SC4 DOUBLE BOOKING (NEW from meeting)
A14: ~1/3 of shipments labeled SC4 were actually received as SC3
A15: Cause: Incomplete SC3 → operator follows up via email → converts to SC4
A16: Bosch suppliers also send emails when SC3 exists → creates duplicates
... A21: MILESTONE INCONSISTENCY — DEEP ANALYSIS (662 Shipments, 1,500 Records)
A22: Metric | B22: Value | C22: Significance
A23: Total records in dataset | B23: 1,500 | C23: Across ETA (1,000) and ATA (500) violations
A24: Unique affected HBLs | B24: 550 of 662 (83%) | C24: Vast majority of flagged shipments have real issues
A25: ETA sequence violations | B25: 475 unique HBLs | C25: Estimates with impossible date order
A26: ATA sequence violations | B26: 76 unique HBLs | C26: ACTUALS recorded in wrong order — data quality failure
A27: Dominant issue | B27: POD > Delivery (83%) | C27: Port arrival dated after door delivery — physically impossible
A28: NON TMC / SC4 share | B28: 63% of ETA violations | C28: Manual entry is the primary root cause (300 HBLs)
A29: 61-90 day gap cluster | B29: 31% of POD>Delivery | C29: Suggests bulk upload / template error pattern
A30: ATA median gap | B30: 73 days | C30: Actuals MORE wrong than estimates — operators entering out-of-sequence
A31: ETA median gap | B31: 15 days | C31: Estimates are wrong but less severely than actuals
A34: DUPLICATION CLARIFICATION:
A35: Multiple ETA rows per HBL = VALID (estimates get revised; 51% of HBLs have 2+ revisions)
A36: ATA rows: duplicated with IDENTICAL dates (multiple containers/TOs per shipment)
A37: No conflicting actual dates found — ATA duplication is structural, not a data quality issue
A38: The 76 ATA violations are genuine sequence errors, not duplication artifacts
A41: POD > DELIVERY GAP SEVERITY (1,010 records — 83% of all violations)
A42: Bucket | B42: ETA Records | C42: ATA Records | D42: % of Total | E42: Likely Cause
A43: 1-7 days | B43: 309 | C43: 52 | D43: 35.7% | E43: Timezone / rounding — low severity but still invalid
A44: 8-30 days | B44: 171 | C44: 28 | D44: 19.7% | E44: Operator error — medium severity
A45: 31-60 days | B45: 99 | C45: 13 | D45: 11.1% | E45: Wrong milestone updated — high severity
A46: 61-90 days | B46: 278 | C46: 32 | D46: 30.7% | E46: Bulk upload / template error — SYSTEMIC pattern
A47: >90 days | B47: 22 | C47: 6 | D47: 2.8% | E47: Data corruption — critical (up to 367 days)
A50: PROPOSED PLAUSIBILITY RULES (for dashboard — committed Nov '25, OVERDUE)
A51: Rule | B51: Condition | C51: Severity | D51: Auto-Action | E51: Expected Catch
A52: Seq: POD > Delivery | B52: Port Discharge after Door Delivery | C52: Critical | D52: Block + alert | E52: 83% of violations
A53: Seq: POL > POD | B53: Vessel departure after port arrival | C53: Critical | D53: Block + alert | E53: 4% of violations
A54: Seq: Pickup > POL | B54: Collection after vessel departure | C54: Critical | D54: Block + alert | E54: 8% of violations
A55: Gap: >60d between stages | B55: Unrealistic transit gap | C55: Warning | D55: Flag for review | E55: 31% severity bucket
A56: ATA gap > 73d | B56: Actuals with extreme gaps | C56: Critical | D56: Lock record | E56: 76 ATA HBLs
A57: Retroactive: ETA after ATA | B57: Estimate updated after actual | C57: Critical | D57: Prevent edit | E57: 701+ HBLs (POD data)
A58: Bulk: >50 same-day edits | B58: Mass update pattern detection | C58: Warning | D58: Flag batch | E58: Dec 12: 994 HBLs
A61: ESCALATION: Dashboard + rules committed Nov '25. Mimel aware. Must show progress Thursday 19-Feb.

Sheet SC4 Trend
A1: SC4 - Week-over-Week Trend Summary
A3: CRITICAL MILESTONES (S00, S02, S04, S07, S31, S45)
A4: Milestone | B4: Type | C4: Metric | D4: Week 1 | E4: Week 2 | F4: Week 3 | G4: Week 4 | H4: W1→W4 Delta
A5: S00 - Shipment created | B5: Actual | C5: Completeness | D5: 0.52 | E5: 0.36 | F5: 0.35 | G5: 0.5 | H5: -0.02
A6: S00 - Shipment created | B6: Actual | C6: Timeliness | D6: 0.52 | E6: 0.36 | F6: 0.35 | G6: 0.49 | H6: -0.03
A7: S02 - Collected | B7: Estimated | C7: Completeness | D7: 0.79 | E7: 0.83 | F7: 0.85 | G7: 0.87 | H7: 0.08
A8: S02 - Collected | B8: Estimated | C8: Timeliness | D8: 0.41 | E8: 0.36 | F8: 0.34 | G8: 0.43 | H8: 0.02
A9: S02 - Collected | B9: Actual | C9: Completeness | D9: 0.92 | E9: 0.95 | F9: 0.88 | G9: 0.9 | H9: -0.02
A10: S02 - Collected | B10: Actual | C10: Timeliness | D10: 0.17 | E10: 0.39 | F10: 0.34 | G10: 0.4 | H10: 0.23
A11: S04 - Vessel/ flight departed | B11: Estimated | C11: Completeness | D11: 0.99 | E11: 0.99 | F11: 0.96 | G11: 0.97 | H11: -0.02
A12: S04 - Vessel/ flight departed | B12: Estimated | C12: Timeliness | D12: 0.38 | E12: 0.43 | F12: 0.37 | G12: 0.43 | H12: 0.05
A13: S04 - Vessel/ flight departed | B13: Actual | C13: Completeness | D13: 0.96 | E13: 0.93 | F13: 0.83 | G13: 0.88 | H13: -0.08
A14: S04 - Vessel/ flight departed | B14: Actual | C14: Timeliness | D14: 0.83 | E14: 0.55 | F14: 0.52 | G14: 0.54 | H14: -0.29
A15: S07 - Vessel/ flight arrived | B15: Estimated | C15: Completeness | D15: 1 | E15: 0.96 | F15: 0.93 | G15: 0.94 | H15: -0.06
A16: S07 - Vessel/ flight arrived | B16: Estimated | C16: Timeliness | D16: 0.26 | E16: 0.21 | F16: 0.18 | G16: 0.22 | H16: -0.04
... A24: S31 - Delivered | B24: Actual | C24: Timeliness | D24: 0.04 | E24: 0.12 | F24: 0.29 | G24: 0.09 | H24: 0.05
A26: Critical Milestone Averages
C27: Avg Completeness | D27: 0.897 | E27: 0.884 | F27: 0.79 | G27: 0.813 | H27: -0.084
C28: Avg Timeliness | D28: 0.474 | E28: 0.482 | F28: 0.424 | G28: 0.416 | H28: -0.058
A31: ALL MILESTONES - AVERAGES
C32: Metric | D32: Week 1 | E32: Week 2 | F32: Week 3 | G32: Week 4 | H32: W1→W4 Delta
C33: Avg Completeness | D33: 0.72238095 | E33: 0.64666667 | F33: 0.61619048 | G33: 0.70809524 | H33: -0.014285714
C34: Avg Timeliness | D34: 0.39238095 | E34: 0.37380952 | F34: 0.33428571 | G34: 0.38714286 | H34: -0.0052380952

Sheet SC3 Trend
A1: SC3 - Week-over-Week Trend Summary
A3: CRITICAL MILESTONES (S02, S04, S07, S31, S45)
A4: Milestone | B4: Type | C4: Metric | D4: Week 1 | E4: Week 2 | F4: Week 3 | G4: Week 4 | H4: W1→W4 Delta
A5: S02 - Collected | B5: Actual | C5: Completeness | D5: 0.813 | E5: 0.792 | F5: 0.73 | G5: 0.791 | H5: -0.022
A6: S02 - Collected | B6: Actual | C6: Timeliness | D6: 0.317 | E6: 0.392 | F6: 0.318 | G6: 0.317 | H6: 0
A7: S02 - Collected | B7: Estimated | C7: Completeness | D7: 0.813 | E7: 0.809 | F7: 0.777 | G7: 0.839 | H7: 0.026
A8: S02 - Collected | B8: Estimated | C8: Timeliness | D8: 0 | E8: 0 | F8: 0 | G8: 0 | H8: 0
A9: S04 - Vessel/ flight departed | B9: Actual | C9: Completeness | D9: 0.866 | E9: 0.864 | F9: 0.843 | G9: 0.801 | H9: -0.065
A10: S04 - Vessel/ flight departed | B10: Actual | C10: Timeliness | D10: 0.858 | E10: 0.858 | F10: 0.817 | G10: 0.781 | H10: -0.077
A11: S04 - Vessel/ flight departed | B11: Estimated | C11: Completeness | D11: 0.866 | E11: 0.895 | F11: 0.863 | G11: 0.846 | H11: -0.02
A12: S04 - Vessel/ flight departed | B12: Estimated | C12: Timeliness | D12: 0.688 | E12: 0.724 | F12: 0.706 | G12: 0.681 | H12: -0.007
A13: S07 - Vessel/ flight arrived | B13: Actual | C13: Completeness | D13: 0.905 | E13: 0.901 | F13: 0.863 | G13: 0.86 | H13: -0.045
A14: S07 - Vessel/ flight arrived | B14: Actual | C14: Timeliness | D14: 0.885 | E14: 0.889 | F14: 0.85 | G14: 0.849 | H14: -0.036
A15: S07 - Vessel/ flight arrived | B15: Estimated | C15: Completeness | D15: 0.881 | E15: 0.913 | F15: 0.879 | G15: 0.866 | H15: -0.015
A16: S07 - Vessel/ flight arrived | B16: Estimated | C16: Timeliness | D16: 0.834 | E16: 0.864 | F16: 0.83 | G16: 0.826 | H16: -0.008
... A24: S31 - Delivered | B24: Estimated | C24: Timeliness | D24: 0.578 | E24: 0.587 | F24: 0.504 | G24: 0.468 | H24: -0.11
A26: Critical Milestone Averages
C27: Avg Completeness | D27: 0.6748 | E27: 0.7042 | F27: 0.697 | G27: 0.7277 | H27: 0.0529
C28: Avg Timeliness | D28: 0.4764 | E28: 0.4997 | F28: 0.4897 | G28: 0.4927 | H28: 0.0163
A31: ALL MILESTONES - AVERAGES
C32: Metric | D32: Week 1 | E32: Week 2 | F32: Week 3 | G32: Week 4 | H32: W1→W4 Delta
C33: Avg Completeness | D33: 0.5738 | E33: 0.6162 | F33: 0.6098 | G33: 0.6302 | H33: 0.0564
C34: Avg Timeliness | D34: 0.4159 | E34: 0.4476 | F34: 0.45055 | G34: 0.4654 | H34: 0.0495

Sheet SC3 vs SC4
A1: SC3 vs SC4 - Critical Milestone Comparison (Week 4 Latest)
C2: SC3 Completeness | E2: SC3 Timeliness | G2: SC4 Completeness | I2: SC4 Timeliness
A3: Milestone | B3: Type | C3: Week 4 | D3: W1→W4 | E3: Week 4 | F3: W1→W4 | G3: Week 4 | H3: W1→W4 | I3: Week 4 | J3: W1→W4
A4: S02 - Collected | B4: Actual | C4: 0.791 | D4: -0.022 | E4: 0.317 | F4: 0 | G4: 0.9 | H4: -0.02 | I4: 0.4 | J4: 0.23
A5: S02 - Collected | B5: Estimated | C5: 0.839 | D5: 0.026 | E5: 0 | F5: 0 | G5: 0.87 | H5: 0.08 | I5: 0.43 | J5: 0.02
A6: S04 - Vessel/ flight departed | B6: Actual | C6: 0.801 | D6: -0.065 | E6: 0.781 | F6: -0.077 | G6: 0.88 | H6: -0.08 | I6: 0.54 | J6: -0.29
A7: S04 - Vessel/ flight departed | B7: Estimated | C7: 0.846 | D7: -0.02 | E7: 0.681 | F7: -0.007 | G7: 0.97 | H7: -0.02 | I7: 0.43 | J7: 0.05
A8: S07 - Vessel/ flight arrived | B8: Actual | C8: 0.86 | D8: -0.045 | E8: 0.849 | F8: -0.036 | G8: 0.84 | H8: 0.01 | I8: 0.52 | J8: 0.19
A9: S07 - Vessel/ flight arrived | B9: Estimated | C9: 0.866 | D9: -0.015 | E9: 0.826 | F9: -0.008 | G9: 0.94 | H9: -0.06 | I9: 0.22 | J9: -0.04
A10: S31 - Delivered | B10: Actual | C10: 0.583 | D10: 0.161 | E10: 0.094 | F10: -0.05 | G10: 0.83 | H10: -0.17 | I10: 0.09 | J10: 0.05
A11: S31 - Delivered | B11: Estimated | C11: 0.709 | D11: -0.013 | E11: 0.468 | F11: -0.11 | G11: 0.98 | H11: 0.02 | I11: 0.67 | J11: -0.13
A12: S45 - Handover to broker | B12: Actual | C12: 0.468 | D12: 0.099 | E12: 0.452 | F12: 0.083 | G12: 0.42 | H12: -0.58 | I12: 0.37 | J12: -0.63
A13: S45 - Handover to broker | B13: Estimated | C13: 0.514 | D13: 0.423 | E13: 0.459 | F13: 0.368 | G13: N/A | H13: N/A | I13: N/A | J13: N/A
A15: SC4 Only - S00 (Shipment Created)
A16: S00 - Shipment created | B16: Actual | C16: N/A | D16: N/A | E16: N/A | F16: N/A | G16: 0.5 | H16: -0.02 | I16: 0.49 | J16: -0.03

Sheet Sheet1
A1: Nr | B1: Main Problems | C1: Product Impact | D1: Category | G1: W01 | H1: W02 | I1: W03 | J1: W04 | K1: W05 | L1: W06 | M1: W07 | N1: W08 | O1: W09 | P1: W10 | Q1: W11 | R1: W12 | S1: YTD
A2: 50 | B2: SC3 – S02 - Collected (Estimated) | C2: high | D2: Timeliness (Critical) | G2: 0 | H2: 0 | I2: 0 | J2: 0 | K2: 0 | L2: 0 | M2: 0 | S2: 0
A3: 66 | B3: SC3 – S54 - Full Container discharge (Actual) | C3: medium | D3: Timeliness (All) | G3: 0.069 | H3: 0.139 | I3: 0 | J3: 0.045 | K3: 0.055555556 | L3: 0.025641026 | M3: 0.073170732 | S3: 0.05819533
A4: 38 | B4: SC4 – S05 - In delivery (Actual) | C4: medium | D4: Timeliness (All) | G4: 0.18 | H4: 0.07 | I4: 0.04 | J4: 0.02 | K4: 0.088516746 | L4: 0.05 | M4: 0.072386059 | S4: 0.074414686
A5: 65 | B5: SC3 – S54 - Full Container discharge (Actual) | C5: medium | D5: Completeness (All) | G5: 0.138 | H5: 0.139 | I5: 0.039 | J5: 0.045 | K5: 0.074074074 | L5: 0.025641026 | M5: 0.12195122 | S5: 0.083238046
A6: 84 | B6: For "to Door" Shipments, milestone estimates are not received 7 days before of the actual Milestone event | C6: medium | D6: ETA accuracy 2D | G6: 0.044 | H6: 0.132 | I6: 0.07 | J6: 0.115 | K6: 0.125 | L6: 0.174 | M6: 0.174 | S6: 0.11914286
A7: 42 | B7: SC4 – S31 - Delivered (Actual) | C7: high | D7: Timeliness (Critical) | G7: 0.04 | H7: 0.12 | I7: 0.29 | J7: 0.09 | K7: 0.10526316 | L7: 0.16 | M7: 0.13136729 | S7: 0.13380435
A8: 78 | B8: SC3 – S31 - Delivered (Actual) | C8: high | D8: Timeliness (Critical) | G8: 0.144 | H8: 0.154 | I8: 0.101 | J8: 0.094 | K8: 0.12790698 | L8: 0.18910256 | M8: 0.14141414 | S8: 0.13591767
A9: 87 | B9: Milestones sent to Bosch do not follow a plausible date order | C9: medium | D9: Plausability (% of shipments with ≥1 sequence break) | G9: 0.2556 | H9: 0.1708 | I9: 0.1488 | J9: 0.1455 | K9: 0.1245 | L9: 0.0708 | M9: 0.1019 | S9: 0.14541429
A10: 37 | B10: SC4 – S05 - In delivery (Actual) | C10: medium | D10: Completeness (All) | G10: 0.2 | H10: 0.08 | I10: 0.11 | J10: 0.13 | K10: 0.17464115 | L10: 0.12 | M10: 0.20911528 | S10: 0.14625092
A11: 68 | B11: SC3 – S51 - Arrived destination CFS (Actual) | C11: medium | D11: Timeliness (All) | G11: 0.084 | H11: 0.07 | I11: 0.056 | J11: 0.275 | K11: 0.37414966 | L11: 0.28 | M11: 0.19230769 | S11: 0.19020819
A12: 46 | B12: SC3 – S52 - Empty Container picked up (Actual) | C12: medium | D12: Timeliness (All) | G12: 0.192 | H12: 0.222 | I12: 0.255 | J12: 0.115 | K12: 0.24444444 | L12: 0.13043478 | M12: 0.25 | S12: 0.20126846
A13: 24 | B13: SC4 – S07 - Vessel/flight arrived (Estimated) | C13: high | D13: Timeliness (Critical) | G13: 0.26 | H13: 0.21 | I13: 0.18 | J13: 0.22 | K13: 0.21442125 | L13: 0.13 | M13: 0.24558304 | S13: 0.20857204
... A87: 19 | B87: SC4 – S04 - Vessel/flight departed (Estimated) | C87: high | D87: Completeness (Critical) | G87: 0.99 | H87: 0.99 | I87: 0.96 | J87: 0.97 | K87: 0.95635674 | L87: 0.97 | M87: 0.95759717 | S87: 0.97056484
A88: 86 | B88: Milestone containing CIV or DN reference do not have the correct data | C88: medium | D88: Reference Quality (SC4) | S88: #DIV/0!

Sheet 5Why
B1: Please find further information behind cell comments.
C3: 5 Why Form
C7: 8D Title | J7: Complaint No.
C9: Bosch Part | J9: Date
J11: Version
E14: The problem with which the 5Why question chain is started | F14: 1st Why? | G14: 2nd Why? | H14: 3rd Why? | I14: 4th Why? | J14: 5th Why? | K14: …. | L14: … | M14: Root Causes (TRC, MRC) | N14: Measures (R, D)
B15: 1) Why did it happen? (Why did the manufacturing process not prevent the incident? ) | E15: Milestones are not being sent to Bosch | F15: Q:why are not being sent? A:Because are blocked in the system sending the EDI message | G15: Q:why are they blocked? A:because messages do not have all info needed to be sent | H15: Q:why do not have all info? A:because they are not being inserted in the TMS | I15: Q:why are they not being inserted? A:because the operating system allows to leave some fields blank | J15: Q:why is it possible? A:because the system is not configured to make them compulsory to trigger the milestones | M15: TRC: EDI milestone trigger lacks validation for mandatory fields; configuration permits blank critical fields. MRC: EDI requirements/configuration governance is missing (no owner / review gate). | N15: R: EDI/IT Lead + Operations Process Owner D: 2026-03-31 Action: Configure mandatory fields & validation rules for milestone triggers; run regression test; deploy to production; communicate update to users.
E16: Milestones are not being sent to Bosch on time | F16: Q:why are not being sent on time? A:because the milestones are not all milestones triggered automatically by the system requiring manual timely inputs | G16: Q:why are they not auto triggered for all? A:because there is a mix of manual bookings and automated bookings | H16: Q:why are there manual bookings? A:manual bookings are expected however the % of manual bookings were higher than planned. | I16: Q:why are manual bookings higher than planned? A:the planned forecast during implementation was close to 80% and reality was lower.
E17: Milestones received by Bosch do not contain the CIV or DN reference and not the correct data | F17: Q:why are references incorrect or lack the correct data? A:These fields are only for SC4 bookings and expected to be manually entered and hence prone to errors. | G17: Q:why are errors happening in the manual process? A:because the operators are not following the SOPs to put in the appropriate information in time | H17: Q: Why are the operators not following SOPs? A:because they are not prioritizing this effort versus delivering other items such as making deliverings and exiting CMT | I17: Q:why are they not prioritizing? A:because the team is whort on capacity | J17: Q:why are they short in capacity? A:because expectations was to have lower SC4 bookings in the plan and staffing was not adjusted
E18: For "to Port" and "to Door" Shipments, milestone estimates are not received 7 days before of the actual Milestone event | F18: Q:why are they not received 7 days before? A:The event is updated either too early or too late before the event missing the 7 days | G18: Q:why is it too early to too late? A:the Maersk Liner integration is automated, but the message is not transmitted to the customer | H18: Q: Why not transmitted? A: message is not be triggered from TMS to EDI each time the vessel update is received. | I18: Q:why is message not triggered? A:there will be way too many updates and there is logic to prevent too many messages being sent
E19: Milestones sent to Bosch do not follow a plausible date order | F19: Q: why do milestones not follow a plausible date order? A: because some milestone timestamps are sent with incorrect or placeholder values that break the expected S02→S04→S07→S31 sequence | G19: Q: why are timestamps incorrect? A: because retroactive corrections and system-generated default dates (e.g., 1900 placeholders) are transmitted without plausibility validation | H19: Q: why are defaults transmitted? A: because the EDI system does not filter out placeholder dates or validate chronological order before sending | I19: Q: why is there no chronological validation? A: because the IFTSTA message builder was not configured with sequence-aware validation rules | J19: Q: why was it not configured? A: because plausibility was assumed to be the responsibility of the source operating system, not the EDI layer | K19: Q: why was this assumption made? A: because the boundary of data quality responsibility between ops systems and EDI was not clearly defined | M19: TRC: EDI system lacks chronological sequence validation; transmits placeholder dates and retroactive corrections without plausibility checks. MRC: Data quality responsibility boundary between source systems and EDI layer was not defined. | N19: R: EDI/IT Lead + Data Quality Team D: 2026-04-30 Action: Implement pre-transmission plausibility check (S02<S04<S07<S31); reject/flag milestones with 1900 placeholder dates; add sequence validation to IFTSTA builder; weekly plausibility KPI report.
E20: Critical milestones are not being sent to Bosch | F20: Q:why wasn't noticed? A:because there are no dashboard or checks | G20: Q:why there are no checks? A:because they were not implemented | H20: Q:why were they not implemented? A:because are not part of the process of onboarding a client | I20: Q:why are not part of the process? A:because there wasn't build a system to programatically extract data from the EDI system | J20: Q:why wasn't built? A:because it wasn't prioritised | K20: Q: why wasn't it prioritised? A: because there was no monitoring KPI showing customer impact/cost of missing milestones | L20: Q: why was there no KPI? A: because EDI performance governance and reporting ownership were not defined | M20: TRC: No monitoring/alerting for missing milestone transmissions. MRC: Monitoring and reporting were not included in the customer onboarding scope/prioritisation. | N20: R: Ops Excellence + IT/BI D: 2026-03-31 Action: Build dashboard + daily exception report for missing/failed EDI messages; set alert thresholds; assign owner to review exceptions.
